Name: _152_, 283, dff
Name: _151_, 282, dff
Name: _148_, 279, dff
Name: _146_, 277, dff
Name: _144_, 275, dff
Name: _140_, 271, dff
Name: _138_, 269, dff
Name: _136_, 267, dff
Name: _132_, 263, dff
Name: _131_, 262, dff
Name: _129_, 260, dff
Name: _128_, 259, dff
Name: _126_, 257, dff
Name: key[122], 123, input
Name: key[15], 16, input
Name: key[119], 120, input
Name: key[84], 85, input
Name: key[117], 118, input
Name: _110_, 241, not
Name: key[115], 116, input
Name: key[114], 115, input
Name: load[61], 190, output
Name: _120_, 251, and
Name: key[110], 111, input
Name: key[70], 71, input
Name: key[101], 102, input
Name: _094_, 225, and
Name: key[120], 121, input
Name: _073_, 204, and
Name: key[2], 3, input
Name: load[59], 188, output
Name: _141_, 272, dff
Name: key[106], 107, input
Name: key[104], 105, input
Name: _075_, 206, and
Name: key[100], 101, input
Name: _137_, 268, dff
Name: key[116], 117, input
Name: key[123], 124, input
Name: key[98], 99, input
Name: key[93], 94, input
Name: key[75], 76, input
Name: key[80], 81, input
Name: key[72], 73, input
Name: key[77], 78, input
Name: key[71], 72, input
Name: _085_, 216, nor
Name: key[34], 35, input
Name: key[50], 51, input
Name: load[8], 137, output
Name: key[69], 70, input
Name: load[27], 156, output
Name: key[44], 45, input
Name: key[64], 65, input
Name: load[48], 177, output
Name: key[62], 63, input
Name: load[9], 138, output
Name: key[60], 61, input
Name: key[22], 23, input
Name: key[102], 103, input
Name: load[14], 143, output
Name: key[37], 38, input
Name: _071_, 202, and
Name: key[30], 31, input
Name: load[13], 142, output
Name: key[21], 22, input
Name: key[124], 125, input
Name: key[67], 68, input
Name: key[86], 87, input
Name: _127_, 258, dff
Name: load[20], 149, output
Name: key[94], 95, input
Name: key[20], 21, input
Name: _114_, 245, not
Name: key[99], 100, input
Name: load[10], 139, output
Name: clk, 0, input
Name: key[87], 88, input
Name: _134_, 265, dff
Name: key[23], 24, input
Name: key[88], 89, input
Name: key[5], 6, input
Name: load[63], 192, output
Name: key[96], 97, input
Name: key[58], 59, input
Name: key[27], 28, input
Name: key[40], 41, input
Name: _066_, 197, and
Name: key[105], 106, input
Name: key[74], 75, input
Name: key[63], 64, input
Name: key[0], 1, input
Name: key[9], 10, input
Name: load[24], 153, output
Name: key[1], 2, input
Name: key[121], 122, input
Name: key[53], 54, input
Name: _118_, 249, not
Name: _135_, 266, dff
Name: key[13], 14, input
Name: key[65], 66, input
Name: _102_, 233, not
Name: key[7], 8, input
Name: key[79], 80, input
Name: load[33], 162, output
Name: _147_, 278, dff
Name: key[43], 44, input
Name: key[11], 12, input
Name: key[12], 13, input
Name: key[73], 74, input
Name: load[42], 171, output
Name: _153_, 284, dff
Name: key[38], 39, input
Name: key[55], 56, input
Name: _077_, 208, or
Name: key[125], 126, input
Name: key[6], 7, input
Name: key[92], 93, input
Name: load[17], 146, output
Name: _107_, 238, nand
Name: key[28], 29, input
Name: key[29], 30, input
Name: key[82], 83, input
Name: _133_, 264, dff
Name: _088_, 219, nor
Name: key[31], 32, input
Name: _139_, 270, dff
Name: key[33], 34, input
Name: load[12], 141, output
Name: load[52], 181, output
Name: key[111], 112, input
Name: _111_, 242, nand
Name: key[35], 36, input
Name: _079_, 210, and
Name: key[78], 79, input
Name: key[36], 37, input
Name: load[37], 166, output
Name: key[56], 57, input
Name: load[11], 140, output
Name: key[48], 49, input
Name: key[39], 40, input
Name: key[41], 42, input
Name: key[49], 50, input
Name: key[45], 46, input
Name: key[32], 33, input
Name: key[61], 62, input
Name: load[57], 186, output
Name: key[10], 11, input
Name: key[107], 108, input
Name: load[39], 168, output
Name: key[109], 110, input
Name: _095_, 226, nand
Name: key[19], 20, input
Name: key[4], 5, input
Name: key[46], 47, input
Name: key[59], 60, input
Name: _103_, 234, nand
Name: _122_, 253, not
Name: key[68], 69, input
Name: key[8], 9, input
Name: key[118], 119, input
Name: key[52], 53, input
Name: key[126], 127, input
Name: load[28], 157, output
Name: load[31], 160, output
Name: load[55], 184, output
Name: load[0], 129, output
Name: load[30], 159, output
Name: _091_, 222, nand
Name: load[49], 178, output
Name: load[1], 130, output
Name: _142_, 273, dff
Name: load[5], 134, output
Name: load[2], 131, output
Name: load[3], 132, output
Name: key[83], 84, input
Name: load[56], 185, output
Name: _119_, 250, nand
Name: _143_, 274, dff
Name: load[6], 135, output
Name: key[90], 91, input
Name: load[7], 136, output
Name: key[76], 77, input
Name: load[15], 144, output
Name: key[95], 96, input
Name: load[25], 154, output
Name: load[62], 191, output
Name: _081_, 212, and
Name: load[18], 147, output
Name: key[112], 113, input
Name: load[23], 152, output
Name: load[19], 148, output
Name: key[89], 90, input
Name: key[16], 17, input
Name: load[21], 150, output
Name: _109_, 240, or
Name: load[22], 151, output
Name: _117_, 248, or
Name: key[103], 104, input
Name: key[3], 4, input
Name: load[26], 155, output
Name: load[32], 161, output
Name: load[35], 164, output
Name: key[24], 25, input
Name: load[41], 170, output
Name: _064_, 195, not
Name: key[113], 114, input
Name: _086_, 217, or
Name: key[25], 26, input
Name: _096_, 227, and
Name: load[36], 165, output
Name: load[38], 167, output
Name: load[40], 169, output
Name: load[43], 172, output
Name: load[44], 173, output
Name: _149_, 280, dff
Name: load[46], 175, output
Name: key[14], 15, input
Name: load[45], 174, output
Name: load[47], 176, output
Name: load[29], 158, output
Name: load[50], 179, output
Name: key[54], 55, input
Name: load[51], 180, output
Name: key[81], 82, input
Name: _124_, 255, and
Name: load[53], 182, output
Name: _130_, 261, dff
Name: load[54], 183, output
Name: load[58], 187, output
Name: _072_, 203, and
Name: _076_, 207, or
Name: key[17], 18, input
Name: load[60], 189, output
Name: rst, 193, input
Name: key[18], 19, input
Name: key[42], 43, input
Name: _063_, 194, or
Name: _065_, 196, and
Name: key[85], 86, input
Name: _067_, 198, and
Name: key[91], 92, input
Name: _068_, 199, or
Name: key[97], 98, input
Name: _078_, 209, and
Name: _145_, 276, dff
Name: _069_, 200, or
Name: _070_, 201, and
Name: key[127], 128, input
Name: _074_, 205, and
Name: _080_, 211, and
Name: _082_, 213, and
Name: _083_, 214, not
Name: _100_, 231, and
Name: key[26], 27, input
Name: _084_, 215, not
Name: _087_, 218, and
Name: _089_, 220, or
Name: _090_, 221, nor
Name: key[108], 109, input
Name: _125_, 256, or
Name: _093_, 224, or
Name: _097_, 228, or
Name: key[51], 52, input
Name: load[4], 133, output
Name: _098_, 229, not
Name: _150_, 281, dff
Name: _099_, 230, nand
Name: _101_, 232, or
Name: _104_, 235, and
Name: load[34], 163, output
Name: _105_, 236, or
Name: _106_, 237, not
Name: _108_, 239, and
Name: _113_, 244, or
Name: key[57], 58, input
Name: _092_, 223, and
Name: _112_, 243, and
Name: _115_, 246, nand
Name: key[47], 48, input
Name: load[16], 145, output
Name: _116_, 247, and
Name: key[66], 67, input
Name: _121_, 252, or
Name: _123_, 254, nand
