Name: g2846, 3135, dff
Name: g2845, 3134, not
Name: g2843, 3132, not
Name: g2842, 3131, not
Name: g2841, 3130, not
Name: g2840, 3129, not
Name: g2839, 3128, or
Name: g2837, 3126, not
Name: g2836, 3125, or
Name: g2835, 3124, xnor
Name: g2833, 3122, nor
Name: g2832, 3121, nor
Name: g2831, 3120, nor
Name: g2829, 3118, nor
Name: g2828, 3117, or
Name: g2826, 3115, nor
Name: g2823, 3112, buf
Name: g2822, 3111, dff
Name: g2820, 3109, dff
Name: g2818, 3107, nor
Name: g2816, 3105, not
Name: g2815, 3104, nor
Name: g2814, 3103, nor
Name: g2813, 3102, dff
Name: g2812, 3101, xnor
Name: g2810, 3099, dff
Name: g2809, 3098, nor
Name: g2808, 3097, nor
Name: g2807, 3096, not
Name: g2806, 3095, or
Name: g2802, 3091, not
Name: g2801, 3090, dff
Name: g2798, 3087, or
Name: g2797, 3086, nor
Name: g2796, 3085, nor
Name: g2795, 3084, or
Name: g2794, 3083, or
Name: g2793, 3082, nor
Name: g2792, 3081, buf
Name: g2791, 3080, nor
Name: g2790, 3079, dff
Name: g2788, 3077, nor
Name: g2786, 3075, nor
Name: g2785, 3074, nor
Name: g2784, 3073, not
Name: g2782, 3071, nor
Name: g2781, 3070, dff
Name: g2780, 3069, nor
Name: g2779, 3068, or
Name: g2776, 3065, or
Name: g2775, 3064, nor
Name: g2773, 3062, or
Name: g2772, 3061, nor
Name: g2771, 3060, nor
Name: g2770, 3059, not
Name: g2768, 3057, not
Name: g2767, 3056, nor
Name: g2766, 3055, not
Name: g2804, 3093, or
Name: g2765, 3054, dff
Name: g2764, 3053, nor
Name: g2762, 3051, nor
Name: g2761, 3050, dff
Name: g2760, 3049, xnor
Name: g2759, 3048, xnor
Name: g2757, 3046, not
Name: g2756, 3045, dff
Name: g2754, 3043, not
Name: g2753, 3042, nor
Name: g2752, 3041, nor
Name: g2751, 3040, dff
Name: g2749, 3038, not
Name: g2748, 3037, nor
Name: g2747, 3036, nor
Name: g2746, 3035, nor
Name: g2745, 3034, or
Name: g2744, 3033, xnor
Name: g2743, 3032, not
Name: g2742, 3031, nor
Name: g2736, 3025, or
Name: g2734, 3023, dff
Name: g2732, 3021, not
Name: g2731, 3020, xnor
Name: g2730, 3019, not
Name: g2729, 3018, not
Name: g2724, 3013, not
Name: g2722, 3011, or
Name: g2721, 3010, not
Name: g2719, 3008, not
Name: g2834, 3123, nor
Name: g2717, 3006, nor
Name: g2716, 3005, dff
Name: g2715, 3004, or
Name: g2714, 3003, not
Name: g2713, 3002, dff
Name: g2712, 3001, nor
Name: g2710, 2999, nor
Name: g2709, 2998, xnor
Name: g2708, 2997, nor
Name: g2707, 2996, nor
Name: g2706, 2995, nor
Name: g2758, 3047, nor
Name: g2704, 2993, dff
Name: g2703, 2992, nor
Name: g2702, 2991, nor
Name: g2701, 2990, not
Name: g2700, 2989, xor
Name: g2699, 2988, or
Name: g2698, 2987, not
Name: g2697, 2986, not
Name: g2696, 2985, dff
Name: g2695, 2984, not
Name: g2694, 2983, dff
Name: g2693, 2982, nor
Name: g2690, 2979, or
Name: g2689, 2978, dff
Name: g2688, 2977, or
Name: g2686, 2975, nor
Name: g2685, 2974, nor
Name: g2684, 2973, or
Name: g2683, 2972, not
Name: g2682, 2971, or
Name: g2679, 2968, xnor
Name: g2677, 2966, nor
Name: g2675, 2964, nor
Name: g2674, 2963, not
Name: g2671, 2960, nor
Name: g2670, 2959, or
Name: g2668, 2957, or
Name: g2667, 2956, or
Name: g2666, 2955, not
Name: g2665, 2954, xnor
Name: g2664, 2953, dff
Name: g2663, 2952, nor
Name: g2662, 2951, not
Name: g2738, 3027, dff
Name: g2660, 2949, dff
Name: g2658, 2947, nor
Name: g2656, 2945, nor
Name: g2653, 2942, xnor
Name: g2651, 2940, nor
Name: g2650, 2939, xnor
Name: g2649, 2938, buf
Name: g2648, 2937, nor
Name: g2647, 2936, or
Name: g2646, 2935, dff
Name: g2644, 2933, dff
Name: g2643, 2932, not
Name: g2642, 2931, not
Name: g2641, 2930, or
Name: g2640, 2929, nor
Name: g2639, 2928, or
Name: g2638, 2927, not
Name: g2636, 2925, or
Name: g2635, 2924, nor
Name: g2634, 2923, nor
Name: g2633, 2922, or
Name: g2630, 2919, or
Name: g2628, 2917, or
Name: g2627, 2916, xnor
Name: g2626, 2915, not
Name: g2625, 2914, or
Name: g2622, 2911, nor
Name: g2619, 2908, xnor
Name: g2618, 2907, dff
Name: g2617, 2906, nor
Name: g2616, 2905, nor
Name: g2615, 2904, buf
Name: g2614, 2903, xnor
Name: g2613, 2902, dff
Name: g2611, 2900, nor
Name: g2610, 2899, nor
Name: g2609, 2898, not
Name: g2608, 2897, not
Name: g2606, 2895, dff
Name: g2604, 2893, or
Name: g2603, 2892, or
Name: g2598, 2887, nor
Name: g2597, 2886, not
Name: g2596, 2885, dff
Name: g2594, 2883, xnor
Name: g2593, 2882, nor
Name: g2592, 2881, nor
Name: g2591, 2880, nor
Name: g2589, 2878, not
Name: g2588, 2877, nor
Name: g2587, 2876, buf
Name: g2585, 2874, or
Name: g2583, 2872, not
Name: g2582, 2871, dff
Name: g2580, 2869, buf
Name: g2579, 2868, dff
Name: g2578, 2867, dff
Name: g2577, 2866, not
Name: g2575, 2864, dff
Name: g2574, 2863, nor
Name: g2573, 2862, not
Name: g2572, 2861, not
Name: g2571, 2860, nor
Name: g2570, 2859, or
Name: g2569, 2858, or
Name: g2568, 2857, nor
Name: g2567, 2856, or
Name: g2565, 2854, not
Name: g2564, 2853, nor
Name: g2563, 2852, nor
Name: g2559, 2848, or
Name: g2556, 2845, or
Name: g2555, 2844, not
Name: g2554, 2843, nor
Name: g2553, 2842, xor
Name: g2552, 2841, nor
Name: g2550, 2839, not
Name: g2547, 2836, or
Name: g2546, 2835, xnor
Name: g2544, 2833, not
Name: g2543, 2832, xnor
Name: g2542, 2831, buf
Name: g2541, 2830, or
Name: g2540, 2829, or
Name: g2539, 2828, xnor
Name: g2538, 2827, nor
Name: g2537, 2826, xnor
Name: g2535, 2824, nor
Name: g2534, 2823, nor
Name: g2533, 2822, or
Name: g2531, 2820, nor
Name: g2529, 2818, not
Name: g2528, 2817, or
Name: g2526, 2815, nor
Name: g2525, 2814, xnor
Name: g2523, 2812, nor
Name: g2522, 2811, not
Name: g2520, 2809, not
Name: g2519, 2808, dff
Name: g2518, 2807, dff
Name: g2517, 2806, nor
Name: g2516, 2805, nor
Name: g2515, 2804, nor
Name: g2514, 2803, not
Name: g2513, 2802, nor
Name: g2512, 2801, or
Name: g2510, 2799, not
Name: g2787, 3076, nor
Name: g2507, 2796, dff
Name: g2506, 2795, nor
Name: g2504, 2793, not
Name: g2503, 2792, or
Name: g2502, 2791, dff
Name: g2501, 2790, nor
Name: g2499, 2788, nor
Name: g2498, 2787, dff
Name: g2497, 2786, not
Name: g2496, 2785, nor
Name: g2494, 2783, nor
Name: g2673, 2962, or
Name: g2493, 2782, not
Name: g2492, 2781, nor
Name: g2491, 2780, dff
Name: g2489, 2778, xnor
Name: g2488, 2777, nor
Name: g2487, 2776, or
Name: g2486, 2775, or
Name: g2484, 2773, xnor
Name: g2483, 2772, or
Name: g2482, 2771, not
Name: g2481, 2770, buf
Name: g2478, 2767, or
Name: g2477, 2766, or
Name: g2624, 2913, dff
Name: g2476, 2765, or
Name: g2475, 2764, or
Name: g2599, 2888, not
Name: g2474, 2763, dff
Name: g2473, 2762, nor
Name: g2472, 2761, nor
Name: g2471, 2760, or
Name: g2470, 2759, nor
Name: g2469, 2758, dff
Name: g2468, 2757, not
Name: g2466, 2755, not
Name: g2465, 2754, nor
Name: g2464, 2753, nor
Name: g2463, 2752, nor
Name: g2461, 2750, not
Name: g2460, 2749, not
Name: g2459, 2748, or
Name: g2458, 2747, not
Name: g2457, 2746, nor
Name: g2456, 2745, nor
Name: g2455, 2744, not
Name: g2454, 2743, nor
Name: g2451, 2740, xor
Name: g2450, 2739, or
Name: g2449, 2738, dff
Name: g2447, 2736, nor
Name: g2446, 2735, nor
Name: g2443, 2732, nor
Name: g2442, 2731, xnor
Name: g2441, 2730, or
Name: g2440, 2729, nor
Name: g2439, 2728, dff
Name: g2438, 2727, nor
Name: g2436, 2725, nor
Name: g2435, 2724, nor
Name: g2434, 2723, nor
Name: g2433, 2722, xnor
Name: g2432, 2721, buf
Name: g2429, 2718, nor
Name: g2428, 2717, not
Name: g2727, 3016, not
Name: g2427, 2716, xnor
Name: g2426, 2715, nor
Name: g2425, 2714, xnor
Name: g2424, 2713, dff
Name: g2423, 2712, dff
Name: g2422, 2711, dff
Name: g2421, 2710, nor
Name: g2420, 2709, dff
Name: g2419, 2708, nor
Name: g2418, 2707, or
Name: g2416, 2705, or
Name: g2415, 2704, or
Name: g2414, 2703, xnor
Name: g2413, 2702, or
Name: g2411, 2700, dff
Name: g2410, 2699, not
Name: g2409, 2698, not
Name: g2407, 2696, or
Name: g2405, 2694, or
Name: g2404, 2693, nor
Name: g2403, 2692, nor
Name: g2402, 2691, nor
Name: g2401, 2690, or
Name: g2400, 2689, not
Name: g2398, 2687, buf
Name: g2397, 2686, or
Name: g2396, 2685, or
Name: g2394, 2683, dff
Name: g2392, 2681, nor
Name: g2391, 2680, nor
Name: g2602, 2891, nor
Name: g2390, 2679, not
Name: g2388, 2677, not
Name: g2387, 2676, not
Name: g2386, 2675, not
Name: g2385, 2674, xnor
Name: g2384, 2673, nor
Name: g2382, 2671, nor
Name: g2381, 2670, dff
Name: g2379, 2668, dff
Name: g2378, 2667, not
Name: g2377, 2666, not
Name: g2375, 2664, nor
Name: g2374, 2663, not
Name: g2373, 2662, nor
Name: g2372, 2661, not
Name: g2371, 2660, nor
Name: g2370, 2659, nor
Name: g2368, 2657, not
Name: g2367, 2656, dff
Name: g2366, 2655, or
Name: g2363, 2652, nor
Name: g2362, 2651, or
Name: g2361, 2650, dff
Name: g2360, 2649, nor
Name: g2359, 2648, nor
Name: g2358, 2647, nor
Name: g2357, 2646, not
Name: g2356, 2645, xnor
Name: g2351, 2640, or
Name: g2350, 2639, buf
Name: g2584, 2873, nor
Name: g2349, 2638, nor
Name: g2348, 2637, nor
Name: g2347, 2636, dff
Name: g2346, 2635, or
Name: g2345, 2634, not
Name: g2344, 2633, dff
Name: g2343, 2632, nor
Name: g2342, 2631, xnor
Name: g2341, 2630, or
Name: g2339, 2628, nor
Name: g2338, 2627, nor
Name: g2337, 2626, xnor
Name: g2335, 2624, or
Name: g2334, 2623, or
Name: g2333, 2622, dff
Name: g2332, 2621, or
Name: g2330, 2619, nor
Name: g2328, 2617, nor
Name: g2327, 2616, buf
Name: g2325, 2614, or
Name: g2323, 2612, dff
Name: g2321, 2610, nor
Name: g2320, 2609, or
Name: g2319, 2608, xnor
Name: g2318, 2607, nor
Name: g2317, 2606, or
Name: g2316, 2605, not
Name: g2315, 2604, not
Name: g2313, 2602, not
Name: g2312, 2601, or
Name: g2310, 2599, or
Name: g2309, 2598, nor
Name: g2307, 2596, not
Name: g2305, 2594, not
Name: g2304, 2593, dff
Name: g2302, 2591, xnor
Name: g2301, 2590, nor
Name: g2299, 2588, xnor
Name: g2297, 2586, not
Name: g2296, 2585, xnor
Name: g2295, 2584, nor
Name: g2294, 2583, dff
Name: g2293, 2582, not
Name: g2292, 2581, not
Name: g2291, 2580, nor
Name: g2290, 2579, nor
Name: g2289, 2578, nor
Name: g2287, 2576, not
Name: g2286, 2575, dff
Name: g2285, 2574, dff
Name: g2284, 2573, or
Name: g2737, 3026, nor
Name: g2283, 2572, or
Name: g2281, 2570, not
Name: g2280, 2569, or
Name: g2279, 2568, nor
Name: g2278, 2567, nor
Name: g2276, 2565, not
Name: g2275, 2564, or
Name: g2272, 2561, dff
Name: g2270, 2559, not
Name: g2269, 2558, or
Name: g2268, 2557, or
Name: g2267, 2556, dff
Name: g2266, 2555, not
Name: g2264, 2553, nor
Name: g2263, 2552, not
Name: g2262, 2551, xnor
Name: g2261, 2550, or
Name: g2258, 2547, or
Name: g2257, 2546, nor
Name: g2256, 2545, or
Name: g2255, 2544, nor
Name: g2254, 2543, or
Name: g2253, 2542, or
Name: g2252, 2541, not
Name: g2248, 2537, or
Name: g2247, 2536, not
Name: g2245, 2534, dff
Name: g2243, 2532, or
Name: g2241, 2530, or
Name: g2238, 2527, nor
Name: g2691, 2980, not
Name: g2237, 2526, not
Name: g2236, 2525, nor
Name: g2234, 2523, not
Name: g2233, 2522, or
Name: g2485, 2774, xnor
Name: g2365, 2654, or
Name: g2232, 2521, not
Name: g2231, 2520, nor
Name: g2230, 2519, not
Name: g2229, 2518, nor
Name: g2227, 2516, nor
Name: g2226, 2515, nor
Name: g2225, 2514, nor
Name: g2224, 2513, not
Name: g2223, 2512, dff
Name: g2222, 2511, nor
Name: g2221, 2510, nor
Name: g2220, 2509, nor
Name: g2219, 2508, or
Name: g2218, 2507, or
Name: g2217, 2506, dff
Name: g2216, 2505, not
Name: g2215, 2504, dff
Name: g2214, 2503, not
Name: g2213, 2502, nor
Name: g2212, 2501, nor
Name: g2783, 3072, dff
Name: g2211, 2500, dff
Name: g2210, 2499, or
Name: g2209, 2498, nor
Name: g2207, 2496, dff
Name: g2206, 2495, or
Name: g2205, 2494, nor
Name: g2204, 2493, buf
Name: g2203, 2492, not
Name: g2202, 2491, dff
Name: g2200, 2489, nor
Name: g2199, 2488, dff
Name: g2198, 2487, xnor
Name: g2197, 2486, or
Name: g2196, 2485, or
Name: g2195, 2484, not
Name: g2194, 2483, dff
Name: g2193, 2482, nor
Name: g2192, 2481, dff
Name: g2191, 2480, nor
Name: g2190, 2479, or
Name: g2189, 2478, nor
Name: g2188, 2477, nor
Name: g2769, 3058, or
Name: g2187, 2476, buf
Name: g2186, 2475, not
Name: g2184, 2473, nor
Name: g2183, 2472, not
Name: g2182, 2471, nor
Name: g2181, 2470, nor
Name: g2180, 2469, nor
Name: g2178, 2467, nor
Name: g2177, 2466, nor
Name: g2774, 3063, or
Name: g2176, 2465, nor
Name: g2175, 2464, nor
Name: g2173, 2462, or
Name: g2171, 2460, nor
Name: g2170, 2459, not
Name: g2169, 2458, nor
Name: g2168, 2457, dff
Name: g2167, 2456, buf
Name: g2166, 2455, or
Name: g2165, 2454, or
Name: g2162, 2451, or
Name: g2161, 2450, nor
Name: g2160, 2449, xnor
Name: g2445, 2734, not
Name: g2159, 2448, xnor
Name: g2158, 2447, nor
Name: g2157, 2446, nor
Name: g2156, 2445, nor
Name: g2155, 2444, nor
Name: g2154, 2443, not
Name: g2153, 2442, nor
Name: g2152, 2441, or
Name: g2151, 2440, nor
Name: g2150, 2439, nor
Name: g2148, 2437, not
Name: g2147, 2436, nor
Name: g2146, 2435, nor
Name: g2145, 2434, nor
Name: g2144, 2433, nor
Name: g2143, 2432, or
Name: g2142, 2431, nor
Name: g2141, 2430, or
Name: g2140, 2429, xnor
Name: g2138, 2427, nor
Name: g2678, 2967, nor
Name: g2137, 2426, xnor
Name: g2136, 2425, dff
Name: g2135, 2424, not
Name: g2134, 2423, not
Name: g2133, 2422, not
Name: g2132, 2421, nor
Name: g2130, 2419, nor
Name: g2129, 2418, not
Name: g2128, 2417, not
Name: g2127, 2416, or
Name: g2126, 2415, or
Name: g2125, 2414, nor
Name: g2124, 2413, or
Name: g2123, 2412, or
Name: g2121, 2410, nor
Name: g2119, 2408, dff
Name: g2116, 2405, nor
Name: g2115, 2404, dff
Name: g2113, 2402, buf
Name: g2111, 2400, not
Name: g2110, 2399, dff
Name: g2109, 2398, dff
Name: g2108, 2397, nor
Name: g2107, 2396, nor
Name: g2106, 2395, not
Name: g2105, 2394, dff
Name: g2104, 2393, buf
Name: g2102, 2391, nor
Name: g2101, 2390, or
Name: g2100, 2389, dff
Name: g2099, 2388, or
Name: g2098, 2387, nor
Name: g2097, 2386, nor
Name: g2096, 2385, nor
Name: g2590, 2879, not
Name: g2095, 2384, dff
Name: g2094, 2383, nor
Name: g2093, 2382, not
Name: g2092, 2381, not
Name: g2090, 2379, not
Name: g2739, 3028, nor
Name: g2089, 2378, not
Name: g2088, 2377, or
Name: g2087, 2376, or
Name: g2085, 2374, or
Name: g2084, 2373, not
Name: g2083, 2372, or
Name: g2082, 2371, dff
Name: g2080, 2369, nor
Name: g2329, 2618, xnor
Name: g2079, 2368, nor
Name: g2661, 2950, or
Name: g2078, 2367, not
Name: g2077, 2366, nor
Name: g2532, 2821, or
Name: g2076, 2365, nor
Name: g2074, 2363, dff
Name: g2073, 2362, not
Name: g2071, 2360, nor
Name: g2070, 2359, dff
Name: g2069, 2358, nor
Name: g2068, 2357, nor
Name: g2066, 2355, nor
Name: g2065, 2354, nor
Name: g2064, 2353, buf
Name: g2063, 2352, or
Name: g2062, 2351, not
Name: g2061, 2350, nor
Name: g2060, 2349, not
Name: g2059, 2348, dff
Name: g2057, 2346, not
Name: g2056, 2345, dff
Name: g2055, 2344, or
Name: g2053, 2342, dff
Name: g2052, 2341, not
Name: g2051, 2340, buf
Name: g2050, 2339, not
Name: g2048, 2337, nor
Name: g2047, 2336, nor
Name: g2046, 2335, dff
Name: g2045, 2334, not
Name: g2044, 2333, dff
Name: g2043, 2332, nor
Name: g2042, 2331, nor
Name: g2041, 2330, dff
Name: g2039, 2328, nor
Name: g2038, 2327, or
Name: g2036, 2325, not
Name: g2479, 2768, or
Name: g2035, 2324, buf
Name: g2149, 2438, nor
Name: g2034, 2323, or
Name: g2033, 2322, nor
Name: g2032, 2321, dff
Name: g2031, 2320, nor
Name: g2680, 2969, nor
Name: g2030, 2319, dff
Name: g2705, 2994, or
Name: g2029, 2318, nor
Name: g2028, 2317, or
Name: g2027, 2316, not
Name: g2026, 2315, nor
Name: g2024, 2313, or
Name: g2629, 2918, nor
Name: g2023, 2312, not
Name: g2022, 2311, nor
Name: g2595, 2884, nor
Name: g2021, 2310, nor
Name: g2019, 2308, not
Name: g2018, 2307, nor
Name: g2017, 2306, dff
Name: g2015, 2304, not
Name: g2013, 2302, xnor
Name: g2012, 2301, not
Name: g2011, 2300, nor
Name: g2010, 2299, not
Name: g2009, 2298, xnor
Name: g2008, 2297, nor
Name: g2007, 2296, buf
Name: g2006, 2295, nor
Name: g2005, 2294, nor
Name: g2004, 2293, or
Name: g2003, 2292, nor
Name: g2002, 2291, nor
Name: g2001, 2290, nor
Name: g2000, 2289, buf
Name: g1999, 2288, not
Name: g1998, 2287, or
Name: g1996, 2285, not
Name: g1995, 2284, nor
Name: g1993, 2282, dff
Name: g1992, 2281, nor
Name: g1990, 2279, nor
Name: g1989, 2278, or
Name: g1988, 2277, nor
Name: g1986, 2275, nor
Name: g1985, 2274, not
Name: g1984, 2273, nor
Name: g1981, 2270, xnor
Name: g1979, 2268, nor
Name: g2524, 2813, dff
Name: g2239, 2528, xnor
Name: g1978, 2267, nor
Name: g1977, 2266, dff
Name: g2311, 2600, dff
Name: g1976, 2265, nor
Name: g1975, 2264, buf
Name: g1974, 2263, nor
Name: g1973, 2262, xnor
Name: g1971, 2260, buf
Name: g1970, 2259, or
Name: g1969, 2258, not
Name: g1968, 2257, nor
Name: g1966, 2255, nor
Name: g1964, 2253, dff
Name: g1963, 2252, dff
Name: g1962, 2251, or
Name: g1961, 2250, nor
Name: g1960, 2249, or
Name: g2824, 3113, not
Name: g1959, 2248, not
Name: g1958, 2247, nor
Name: g1957, 2246, not
Name: g1956, 2245, or
Name: g1955, 2244, dff
Name: g1954, 2243, or
Name: g2581, 2870, not
Name: g1953, 2242, nor
Name: g1952, 2241, nor
Name: g1951, 2240, not
Name: g1948, 2237, not
Name: g1947, 2236, or
Name: g1946, 2235, not
Name: g1944, 2233, xnor
Name: g1943, 2232, dff
Name: g1942, 2231, or
Name: g1941, 2230, not
Name: g1940, 2229, not
Name: g1939, 2228, dff
Name: g1937, 2226, not
Name: g2803, 3092, not
Name: g1935, 2224, nor
Name: g1934, 2223, dff
Name: g1933, 2222, dff
Name: g1932, 2221, nor
Name: g1931, 2220, nor
Name: g1930, 2219, or
Name: g1929, 2218, dff
Name: g1928, 2217, nor
Name: g1927, 2216, nor
Name: g1924, 2213, nor
Name: g1923, 2212, xnor
Name: g1921, 2210, xnor
Name: g1920, 2209, nor
Name: g1919, 2208, or
Name: g1918, 2207, nor
Name: g1916, 2205, not
Name: g2452, 2741, or
Name: g1915, 2204, not
Name: g1914, 2203, or
Name: g1913, 2202, not
Name: g1912, 2201, or
Name: g1911, 2200, or
Name: g1910, 2199, not
Name: g1909, 2198, not
Name: g1908, 2197, nor
Name: g1907, 2196, or
Name: g1906, 2195, nor
Name: g1905, 2194, or
Name: g1904, 2193, dff
Name: g2298, 2587, or
Name: g1903, 2192, nor
Name: g1902, 2191, or
Name: g1901, 2190, dff
Name: g1899, 2188, nor
Name: g1898, 2187, nor
Name: g1896, 2185, not
Name: g1895, 2184, or
Name: g1893, 2182, nor
Name: g1892, 2181, not
Name: g1891, 2180, nor
Name: g1890, 2179, not
Name: g1889, 2178, nor
Name: g1888, 2177, nor
Name: g1887, 2176, or
Name: g1885, 2174, xor
Name: g1884, 2173, nor
Name: g1883, 2172, nor
Name: g1882, 2171, not
Name: g1881, 2170, dff
Name: g1880, 2169, dff
Name: g1879, 2168, dff
Name: g1878, 2167, or
Name: g1877, 2166, nor
Name: g1876, 2165, not
Name: g1875, 2164, not
Name: g1874, 2163, xnor
Name: g1873, 2162, xnor
Name: g1871, 2160, not
Name: g1870, 2159, nor
Name: g1869, 2158, or
Name: g1868, 2157, dff
Name: g1867, 2156, or
Name: g1865, 2154, nor
Name: g1864, 2153, or
Name: g1863, 2152, nor
Name: g1862, 2151, or
Name: g1861, 2150, not
Name: g1860, 2149, dff
Name: g1859, 2148, nor
Name: g1858, 2147, dff
Name: g2509, 2798, or
Name: g1857, 2146, not
Name: g1856, 2145, dff
Name: g1855, 2144, or
Name: g1854, 2143, dff
Name: g1853, 2142, or
Name: g1851, 2140, nor
Name: g1850, 2139, not
Name: g1848, 2137, nor
Name: g1847, 2136, nor
Name: g1846, 2135, xnor
Name: g1845, 2134, not
Name: g1844, 2133, not
Name: g1843, 2132, dff
Name: g1842, 2131, not
Name: g1838, 2127, nor
Name: g1836, 2125, nor
Name: g2208, 2497, nor
Name: g1835, 2124, nor
Name: g1834, 2123, nor
Name: g1833, 2122, nor
Name: g2600, 2889, nor
Name: g1830, 2119, or
Name: g1829, 2118, nor
Name: g1828, 2117, dff
Name: g1827, 2116, not
Name: g1826, 2115, nor
Name: g1825, 2114, or
Name: g1824, 2113, dff
Name: g1822, 2111, nor
Name: g1821, 2110, dff
Name: g1820, 2109, buf
Name: g1819, 2108, dff
Name: g2265, 2554, xnor
Name: g1818, 2107, not
Name: g1817, 2106, nor
Name: g1816, 2105, nor
Name: g2645, 2934, or
Name: g1815, 2104, not
Name: g1814, 2103, not
Name: g1813, 2102, nor
Name: g1812, 2101, dff
Name: g1811, 2100, not
Name: g1810, 2099, xnor
Name: g1809, 2098, or
Name: g1808, 2097, xnor
Name: g1807, 2096, dff
Name: g1806, 2095, nor
Name: g1805, 2094, or
Name: g1804, 2093, dff
Name: g1803, 2092, not
Name: g2817, 3106, dff
Name: g1802, 2091, nor
Name: g1801, 2090, not
Name: g1800, 2089, nor
Name: g1799, 2088, nor
Name: g1797, 2086, nor
Name: g1796, 2085, dff
Name: g1794, 2083, nor
Name: g1792, 2081, nor
Name: g1791, 2080, nor
Name: g1790, 2079, or
Name: g1789, 2078, nor
Name: g1787, 2076, dff
Name: g1785, 2074, nor
Name: g1784, 2073, nor
Name: g1783, 2072, not
Name: g1782, 2071, or
Name: g1781, 2070, or
Name: g1779, 2068, nor
Name: g1778, 2067, not
Name: g1777, 2066, or
Name: g1776, 2065, xnor
Name: g1775, 2064, not
Name: g1774, 2063, or
Name: g2530, 2819, dff
Name: g1773, 2062, xnor
Name: g1772, 2061, nor
Name: g1771, 2060, or
Name: g1770, 2059, or
Name: g1769, 2058, dff
Name: g1768, 2057, nor
Name: g1767, 2056, nor
Name: g1766, 2055, not
Name: g1764, 2053, nor
Name: g1763, 2052, or
Name: g1762, 2051, nor
Name: g1761, 2050, buf
Name: g1760, 2049, not
Name: g1758, 2047, not
Name: g2037, 2326, nor
Name: g1757, 2046, or
Name: g1756, 2045, nor
Name: g1755, 2044, or
Name: g1753, 2042, xnor
Name: g1752, 2041, nor
Name: g1751, 2040, nor
Name: g1750, 2039, nor
Name: g2687, 2976, or
Name: g1749, 2038, nor
Name: g1747, 2036, not
Name: g1746, 2035, nor
Name: g1745, 2034, nor
Name: g1744, 2033, not
Name: g1743, 2032, or
Name: g1741, 2030, dff
Name: g1740, 2029, buf
Name: g1738, 2027, not
Name: g1737, 2026, or
Name: g2551, 2840, nor
Name: g1736, 2025, nor
Name: g2122, 2411, nor
Name: g1735, 2024, or
Name: g1734, 2023, not
Name: g2274, 2563, dff
Name: g1733, 2022, nor
Name: g1731, 2020, nor
Name: g1730, 2019, or
Name: g1729, 2018, or
Name: g1728, 2017, nor
Name: g1726, 2015, not
Name: g1725, 2014, not
Name: g1748, 2037, xnor
Name: g1724, 2013, or
Name: g1723, 2012, buf
Name: g2657, 2946, nor
Name: g1722, 2011, nor
Name: g1721, 2010, xnor
Name: g1720, 2009, dff
Name: g1719, 2008, buf
Name: g1718, 2007, not
Name: g1717, 2006, nor
Name: g1716, 2005, not
Name: g1715, 2004, xnor
Name: g1714, 2003, nor
Name: g1712, 2001, dff
Name: g1711, 2000, not
Name: g1709, 1998, dff
Name: g1708, 1997, or
Name: g1707, 1996, nor
Name: g1705, 1994, nor
Name: g1703, 1992, dff
Name: g1701, 1990, dff
Name: g1700, 1989, or
Name: g1698, 1987, xnor
Name: g2740, 3029, buf
Name: g1697, 1986, not
Name: g1696, 1985, dff
Name: g1695, 1984, or
Name: g1694, 1983, dff
Name: g1693, 1982, nor
Name: g1692, 1981, dff
Name: g1691, 1980, nor
Name: g1690, 1979, nor
Name: g1689, 1978, not
Name: g1688, 1977, not
Name: g1687, 1976, not
Name: g1686, 1975, nor
Name: g1684, 1973, not
Name: g1683, 1972, dff
Name: g1682, 1971, nor
Name: g1681, 1970, xnor
Name: g1680, 1969, nor
Name: g1679, 1968, or
Name: g1677, 1966, or
Name: g1676, 1965, dff
Name: g1675, 1964, not
Name: g1674, 1963, nor
Name: g1673, 1962, not
Name: g1672, 1961, not
Name: g1670, 1959, or
Name: g1669, 1958, or
Name: g1668, 1957, nor
Name: g2741, 3030, not
Name: g2164, 2453, dff
Name: g1667, 1956, not
Name: g1666, 1955, dff
Name: g1938, 2227, or
Name: g1665, 1954, or
Name: g1664, 1953, xnor
Name: g1663, 1952, nor
Name: g1662, 1951, not
Name: g1661, 1950, not
Name: g1660, 1949, or
Name: g1658, 1947, or
Name: g1657, 1946, or
Name: g1655, 1944, or
Name: g1654, 1943, dff
Name: g1653, 1942, nor
Name: g1652, 1941, not
Name: g1649, 1938, or
Name: g1648, 1937, nor
Name: g1647, 1936, not
Name: g1646, 1935, or
Name: g1645, 1934, nor
Name: g2676, 2965, not
Name: g1644, 1933, nor
Name: g1643, 1932, xor
Name: g1642, 1931, or
Name: g1641, 1930, nor
Name: g1640, 1929, xnor
Name: g1639, 1928, buf
Name: g1638, 1927, not
Name: g2652, 2941, xnor
Name: g1637, 1926, dff
Name: g1636, 1925, dff
Name: g1635, 1924, or
Name: g1702, 1991, not
Name: g1634, 1923, or
Name: g1633, 1922, dff
Name: g1632, 1921, or
Name: g1629, 1918, dff
Name: g1628, 1917, not
Name: g1627, 1916, buf
Name: g1626, 1915, nor
Name: g1625, 1914, nor
Name: g1624, 1913, not
Name: g2288, 2577, or
Name: g1620, 1909, not
Name: g2364, 2653, or
Name: g1619, 1908, or
Name: g1618, 1907, not
Name: g1617, 1906, dff
Name: g1614, 1903, not
Name: g1613, 1902, xnor
Name: g1612, 1901, nor
Name: g1609, 1898, nor
Name: g1608, 1897, not
Name: g1607, 1896, nor
Name: g1604, 1893, not
Name: g1603, 1892, dff
Name: g1602, 1891, nor
Name: g1601, 1890, nor
Name: g1600, 1889, or
Name: g1599, 1888, dff
Name: g1598, 1887, or
Name: g1597, 1886, or
Name: g1596, 1885, not
Name: g1594, 1883, not
Name: g1593, 1882, not
Name: g1592, 1881, xnor
Name: g1591, 1880, not
Name: g1590, 1879, not
Name: g1589, 1878, not
Name: g1588, 1877, nor
Name: g1587, 1876, nor
Name: g1585, 1874, nor
Name: g1584, 1873, or
Name: g1583, 1872, not
Name: g2720, 3009, nor
Name: g1582, 1871, nor
Name: g1581, 1870, not
Name: g1580, 1869, dff
Name: g2467, 2756, nor
Name: g1579, 1868, dff
Name: g1577, 1866, not
Name: g1576, 1865, dff
Name: g1795, 2084, or
Name: g1575, 1864, or
Name: g1573, 1862, nor
Name: g2058, 2347, not
Name: g1572, 1861, nor
Name: g1571, 1860, dff
Name: g1570, 1859, not
Name: g1569, 1858, dff
Name: g1567, 1856, or
Name: g1566, 1855, not
Name: g1565, 1854, or
Name: g1564, 1853, dff
Name: g1562, 1851, nor
Name: g1561, 1850, nor
Name: g1560, 1849, xnor
Name: g1558, 1847, nor
Name: g2326, 2615, nor
Name: g1557, 1846, not
Name: g1556, 1845, dff
Name: g1922, 2211, nor
Name: g1555, 1844, dff
Name: g1554, 1843, not
Name: g1552, 1841, nor
Name: g1551, 1840, nor
Name: g1550, 1839, or
Name: g1549, 1838, xnor
Name: g1548, 1837, nor
Name: g1547, 1836, dff
Name: g1545, 1834, nor
Name: g1544, 1833, not
Name: g1678, 1967, not
Name: g1543, 1832, or
Name: g1542, 1831, nor
Name: g1541, 1830, buf
Name: g1540, 1829, nor
Name: g1539, 1828, nor
Name: g1538, 1827, nor
Name: g1537, 1826, not
Name: g1536, 1825, nor
Name: g1535, 1824, nor
Name: g1534, 1823, nor
Name: g1533, 1822, or
Name: g1532, 1821, nor
Name: g1531, 1820, xnor
Name: g1530, 1819, dff
Name: g1529, 1818, not
Name: g1528, 1817, xnor
Name: g1527, 1816, not
Name: g1526, 1815, dff
Name: g1525, 1814, not
Name: g1523, 1812, not
Name: g1522, 1811, dff
Name: g1521, 1810, or
Name: g1520, 1809, not
Name: g1519, 1808, nor
Name: g1518, 1807, or
Name: g1967, 2256, nor
Name: g1517, 1806, xnor
Name: g1516, 1805, xnor
Name: g1515, 1804, nor
Name: g1513, 1802, dff
Name: g1512, 1801, dff
Name: g1511, 1800, xnor
Name: g1510, 1799, dff
Name: g1509, 1798, not
Name: g1508, 1797, nor
Name: g1507, 1796, nor
Name: g1506, 1795, not
Name: g1505, 1794, nor
Name: g1504, 1793, buf
Name: g2527, 2816, not
Name: g1502, 1791, not
Name: g1501, 1790, dff
Name: g1500, 1789, not
Name: g1499, 1788, or
Name: g1498, 1787, dff
Name: g1496, 1785, not
Name: g1732, 2021, nor
Name: g1495, 1784, not
Name: g2103, 2392, not
Name: g1494, 1783, nor
Name: g1493, 1782, nor
Name: g2393, 2682, or
Name: g1492, 1781, not
Name: g1491, 1780, not
Name: g1490, 1779, nor
Name: g1489, 1778, nor
Name: g1488, 1777, xnor
Name: g1487, 1776, nor
Name: g1900, 2189, xnor
Name: g1486, 1775, dff
Name: g1485, 1774, nor
Name: g1484, 1773, or
Name: g1483, 1772, not
Name: g1482, 1771, or
Name: g1481, 1770, not
Name: g1480, 1769, or
Name: g1479, 1768, xnor
Name: g1477, 1766, or
Name: g1611, 1900, or
Name: g1476, 1765, nor
Name: g1475, 1764, or
Name: g1474, 1763, nor
Name: g1473, 1762, or
Name: g1472, 1761, not
Name: g1471, 1760, or
Name: g1467, 1756, dff
Name: g1466, 1755, nor
Name: g1465, 1754, dff
Name: g1464, 1753, not
Name: g1463, 1752, nor
Name: g1462, 1751, not
Name: g1461, 1750, buf
Name: g2259, 2548, nor
Name: g1460, 1749, nor
Name: g1459, 1748, nor
Name: g1458, 1747, not
Name: g1457, 1746, nor
Name: g1456, 1745, dff
Name: g1455, 1744, nor
Name: g1454, 1743, not
Name: g1453, 1742, nor
Name: g1451, 1740, nor
Name: g1450, 1739, not
Name: g1449, 1738, buf
Name: g1448, 1737, not
Name: g1447, 1736, or
Name: g1446, 1735, dff
Name: g1444, 1733, dff
Name: g1630, 1919, or
Name: g1442, 1731, dff
Name: g1441, 1730, dff
Name: g1438, 1727, nor
Name: g1437, 1726, or
Name: g1436, 1725, not
Name: g1435, 1724, dff
Name: g1434, 1723, nor
Name: g1433, 1722, dff
Name: g1631, 1920, buf
Name: g1432, 1721, dff
Name: g1431, 1720, nor
Name: g1430, 1719, not
Name: g1429, 1718, dff
Name: g1428, 1717, nor
Name: g1427, 1716, not
Name: g1426, 1715, not
Name: g1425, 1714, dff
Name: g1424, 1713, dff
Name: g1423, 1712, nor
Name: g1422, 1711, nor
Name: g1421, 1710, dff
Name: g1420, 1709, not
Name: g1419, 1708, nor
Name: g1418, 1707, nor
Name: g1416, 1705, nor
Name: g1415, 1704, or
Name: g1414, 1703, xnor
Name: g1412, 1701, not
Name: g1411, 1700, not
Name: g1410, 1699, nor
Name: g1409, 1698, xnor
Name: g1408, 1697, buf
Name: g1407, 1696, nor
Name: g1406, 1695, not
Name: g1997, 2286, xnor
Name: g1405, 1694, nor
Name: g1404, 1693, dff
Name: g1402, 1691, dff
Name: g2726, 3015, nor
Name: g2174, 2463, xnor
Name: g1401, 1690, or
Name: g1400, 1689, nor
Name: g1399, 1688, not
Name: g1398, 1687, not
Name: g1397, 1686, nor
Name: g1395, 1684, nor
Name: g1394, 1683, nor
Name: g1393, 1682, not
Name: g1392, 1681, dff
Name: g1391, 1680, not
Name: g1987, 2276, or
Name: g1390, 1679, or
Name: g1389, 1678, or
Name: g1388, 1677, nor
Name: g1387, 1676, dff
Name: g1386, 1675, dff
Name: g1385, 1674, not
Name: g1384, 1673, or
Name: g1383, 1672, or
Name: g1381, 1670, or
Name: g1379, 1668, dff
Name: g1378, 1667, dff
Name: g1377, 1666, nor
Name: g1376, 1665, dff
Name: g1375, 1664, nor
Name: g1374, 1663, nor
Name: g1373, 1662, nor
Name: g2376, 2665, nor
Name: g1925, 2214, nor
Name: g1371, 1660, dff
Name: g1370, 1659, dff
Name: g1369, 1658, not
Name: g1368, 1657, nor
Name: g1367, 1656, dff
Name: g1366, 1655, dff
Name: g1365, 1654, xnor
Name: g1841, 2130, nor
Name: g1364, 1653, not
Name: g1362, 1651, nor
Name: g1360, 1649, not
Name: g1359, 1648, nor
Name: g1357, 1646, nor
Name: g1355, 1644, nor
Name: g1354, 1643, or
Name: g2054, 2343, not
Name: g1353, 1642, nor
Name: g1352, 1641, nor
Name: g1351, 1640, nor
Name: g1350, 1639, not
Name: g1349, 1638, xnor
Name: g1348, 1637, nor
Name: g2612, 2901, nor
Name: g1347, 1636, nor
Name: g2117, 2406, not
Name: g1346, 1635, or
Name: g1345, 1634, or
Name: g1343, 1632, nor
Name: g1341, 1630, not
Name: g1339, 1628, nor
Name: g1338, 1627, nor
Name: g1336, 1625, not
Name: g1335, 1624, nor
Name: g1333, 1622, dff
Name: g1331, 1620, not
Name: g1330, 1619, nor
Name: g1329, 1618, nor
Name: g1328, 1617, nor
Name: g1327, 1616, xnor
Name: g1326, 1615, not
Name: g1325, 1614, or
Name: g1323, 1612, dff
Name: g1322, 1611, dff
Name: g1321, 1610, nor
Name: g1320, 1609, or
Name: g1319, 1608, dff
Name: g1318, 1607, not
Name: g1317, 1606, not
Name: g1316, 1605, nor
Name: g1315, 1604, or
Name: g1314, 1603, nor
Name: g2277, 2566, nor
Name: g1311, 1600, or
Name: g2637, 2926, dff
Name: g1310, 1599, not
Name: g1309, 1598, dff
Name: g1308, 1597, nor
Name: g1306, 1595, or
Name: g1304, 1593, nor
Name: g1303, 1592, or
Name: g1302, 1591, nor
Name: g2500, 2789, or
Name: g1300, 1589, nor
Name: g1656, 1945, not
Name: g1299, 1588, xnor
Name: g1298, 1587, not
Name: g1297, 1586, or
Name: g1296, 1585, buf
Name: g1295, 1584, or
Name: g1294, 1583, nor
Name: g1293, 1582, xor
Name: g1292, 1581, or
Name: g1291, 1580, nor
Name: g1290, 1579, nor
Name: g1289, 1578, nor
Name: g1288, 1577, xnor
Name: g2091, 2380, or
Name: g1287, 1576, not
Name: g1286, 1575, xnor
Name: g1285, 1574, not
Name: g1284, 1573, nor
Name: g1283, 1572, or
Name: g1559, 1848, xnor
Name: g1282, 1571, not
Name: g1280, 1569, not
Name: g1279, 1568, dff
Name: g1278, 1567, dff
Name: g1277, 1566, dff
Name: g1276, 1565, dff
Name: g1275, 1564, not
Name: g1274, 1563, nor
Name: g1273, 1562, xnor
Name: g1272, 1561, nor
Name: g1271, 1560, or
Name: g1270, 1559, or
Name: g2654, 2943, nor
Name: g1269, 1558, not
Name: g1268, 1557, or
Name: g1267, 1556, or
Name: g1266, 1555, not
Name: g1265, 1554, xnor
Name: g1262, 1551, or
Name: g1403, 1692, or
Name: g1261, 1550, xnor
Name: g1260, 1549, nor
Name: g1258, 1547, not
Name: g2389, 2678, nor
Name: g1257, 1546, not
Name: g1256, 1545, or
Name: g1255, 1544, not
Name: g1254, 1543, or
Name: g2303, 2592, not
Name: g1253, 1542, not
Name: g2240, 2529, nor
Name: g1252, 1541, dff
Name: g1251, 1540, dff
Name: g1250, 1539, or
Name: g1249, 1538, not
Name: g1248, 1537, dff
Name: g1246, 1535, not
Name: g1245, 1534, nor
Name: g2789, 3078, or
Name: g1244, 1533, nor
Name: g1242, 1531, nor
Name: g1240, 1529, or
Name: g1239, 1528, nor
Name: g1238, 1527, or
Name: g1237, 1526, nor
Name: g1236, 1525, nor
Name: g1235, 1524, nor
Name: g1234, 1523, dff
Name: g1232, 1521, dff
Name: g1231, 1520, not
Name: g1230, 1519, or
Name: g1307, 1596, nor
Name: g1229, 1518, or
Name: g1226, 1515, or
Name: g1225, 1514, or
Name: g1223, 1512, not
Name: g1222, 1511, not
Name: g1221, 1510, nor
Name: g1219, 1508, nor
Name: g1218, 1507, xnor
Name: g1217, 1506, buf
Name: g2246, 2535, dff
Name: g1216, 1505, nor
Name: g2016, 2305, not
Name: g1215, 1504, not
Name: g1214, 1503, nor
Name: g1213, 1502, dff
Name: g1212, 1501, nor
Name: g1211, 1500, nor
Name: g1210, 1499, nor
Name: g1209, 1498, or
Name: g1208, 1497, xnor
Name: g2448, 2737, or
Name: g1207, 1496, nor
Name: g1206, 1495, nor
Name: g2561, 2850, or
Name: g1205, 1494, nor
Name: g1203, 1492, xnor
Name: g1202, 1491, dff
Name: g2511, 2800, nor
Name: g1201, 1490, buf
Name: g1200, 1489, nor
Name: g1199, 1488, or
Name: g2681, 2970, nor
Name: g1198, 1487, dff
Name: g1197, 1486, or
Name: g1196, 1485, not
Name: g1195, 1484, not
Name: g1194, 1483, xnor
Name: g1193, 1482, nor
Name: g1192, 1481, nor
Name: g1191, 1480, nor
Name: g1190, 1479, or
Name: g1189, 1478, or
Name: g1188, 1477, dff
Name: g1187, 1476, nor
Name: g1186, 1475, not
Name: g1184, 1473, not
Name: g2718, 3007, not
Name: g1470, 1759, dff
Name: g1183, 1472, nor
Name: g1181, 1470, nor
Name: g1180, 1469, not
Name: g1179, 1468, or
Name: g1178, 1467, nor
Name: g1177, 1466, not
Name: g1176, 1465, nor
Name: g1175, 1464, nor
Name: g1174, 1463, nor
Name: g1173, 1462, not
Name: g1172, 1461, or
Name: g1170, 1459, or
Name: g1169, 1458, nor
Name: g1168, 1457, buf
Name: g1167, 1456, not
Name: g1166, 1455, not
Name: g1165, 1454, xnor
Name: g1164, 1453, dff
Name: g1162, 1451, nor
Name: g1161, 1450, nor
Name: g1159, 1448, nor
Name: g1157, 1446, not
Name: g1156, 1445, or
Name: g1155, 1444, nor
Name: g1153, 1442, or
Name: g1152, 1441, nor
Name: g1151, 1440, dff
Name: g1150, 1439, not
Name: g1149, 1438, nor
Name: g1148, 1437, or
Name: g1147, 1436, not
Name: g1980, 2269, or
Name: g1145, 1434, nor
Name: g1144, 1433, xnor
Name: g1143, 1432, nor
Name: g1141, 1430, or
Name: g1140, 1429, nor
Name: g1926, 2215, or
Name: g1139, 1428, or
Name: g1138, 1427, nor
Name: g1135, 1424, dff
Name: g1134, 1423, dff
Name: g1133, 1422, or
Name: g2355, 2644, nor
Name: g1780, 2069, or
Name: g1132, 1421, not
Name: g1131, 1420, not
Name: g1130, 1419, nor
Name: g1128, 1417, nor
Name: g1127, 1416, or
Name: g1126, 1415, dff
Name: g1125, 1414, or
Name: g1124, 1413, or
Name: g2086, 2375, or
Name: g1123, 1412, dff
Name: g1122, 1411, or
Name: g1121, 1410, not
Name: g1120, 1409, nor
Name: g1119, 1408, not
Name: g1118, 1407, nor
Name: g1117, 1406, not
Name: g1116, 1405, nor
Name: g1115, 1404, dff
Name: g1114, 1403, dff
Name: g2322, 2611, not
Name: g1113, 1402, not
Name: g1112, 1401, not
Name: g1111, 1400, dff
Name: g1110, 1399, or
Name: g2838, 3127, not
Name: g1108, 1397, nor
Name: g1107, 1396, or
Name: g1106, 1395, xnor
Name: g1105, 1394, not
Name: g2406, 2695, not
Name: g1104, 1393, nor
Name: g1103, 1392, or
Name: g1102, 1391, nor
Name: g1101, 1390, not
Name: g1100, 1389, not
Name: g1099, 1388, nor
Name: g1098, 1387, dff
Name: g1097, 1386, not
Name: g1096, 1385, not
Name: g1094, 1383, nor
Name: g1092, 1381, nor
Name: g1090, 1379, nor
Name: g1089, 1378, nor
Name: g1088, 1377, nor
Name: g1087, 1376, not
Name: g1086, 1375, nor
Name: g1085, 1374, not
Name: g1084, 1373, dff
Name: g1083, 1372, dff
Name: g1082, 1371, nor
Name: g1081, 1370, nor
Name: g1080, 1369, dff
Name: g1078, 1367, nor
Name: g1077, 1366, dff
Name: g1076, 1365, or
Name: g1075, 1364, nor
Name: g2235, 2524, not
Name: g1074, 1363, nor
Name: g1073, 1362, not
Name: g1072, 1361, not
Name: g1071, 1360, nor
Name: g1069, 1358, nor
Name: g1068, 1357, dff
Name: g1067, 1356, nor
Name: g1066, 1355, dff
Name: g1065, 1354, nor
Name: g1064, 1353, xnor
Name: g2844, 3133, not
Name: g1063, 1352, not
Name: g1062, 1351, xnor
Name: g1061, 1350, xnor
Name: g1372, 1661, nor
Name: g1060, 1349, nor
Name: g1982, 2271, nor
Name: g1059, 1348, nor
Name: g1057, 1346, nor
Name: g1056, 1345, dff
Name: g1055, 1344, not
Name: g1054, 1343, nor
Name: g1468, 1757, or
Name: g1053, 1342, nor
Name: g1052, 1341, buf
Name: g1051, 1340, nor
Name: g1050, 1339, or
Name: g1048, 1337, nor
Name: g1046, 1335, nor
Name: g1045, 1334, nor
Name: g1058, 1347, nor
Name: g1044, 1333, or
Name: g1043, 1332, nor
Name: g1042, 1331, not
Name: g1041, 1330, nor
Name: g2336, 2625, or
Name: g1040, 1329, not
Name: g2723, 3012, nor
Name: g1038, 1327, nor
Name: g1037, 1326, or
Name: g1036, 1325, or
Name: g1034, 1323, xnor
Name: g2412, 2701, or
Name: g1033, 1322, or
Name: g1032, 1321, not
Name: g1031, 1320, dff
Name: g1030, 1319, nor
Name: g1029, 1318, not
Name: g1514, 1803, buf
Name: g1028, 1317, nor
Name: g1027, 1316, or
Name: g1026, 1315, xnor
Name: g1025, 1314, not
Name: g1024, 1313, nor
Name: g1023, 1312, not
Name: g1022, 1311, buf
Name: g1021, 1310, not
Name: g1020, 1309, not
Name: g1019, 1308, nor
Name: g1017, 1306, not
Name: g1095, 1384, or
Name: g1016, 1305, not
Name: g1015, 1304, nor
Name: g1014, 1303, dff
Name: g1013, 1302, nor
Name: g1012, 1301, nor
Name: g2437, 2726, xnor
Name: g1010, 1299, dff
Name: g1337, 1626, dff
Name: g1009, 1298, not
Name: g1699, 1988, nor
Name: g1008, 1297, nor
Name: g1706, 1995, nor
Name: g1007, 1296, or
Name: g1006, 1295, xnor
Name: g1005, 1294, or
Name: g1281, 1570, dff
Name: g1004, 1293, buf
Name: g1003, 1292, or
Name: g1002, 1291, or
Name: g1000, 1289, nor
Name: g2601, 2890, or
Name: g999, 1288, xnor
Name: g998, 1287, not
Name: g997, 1286, or
Name: g996, 1285, xnor
Name: g2314, 2603, nor
Name: g995, 1284, nor
Name: g2353, 2642, not
Name: g994, 1283, or
Name: g993, 1282, nor
Name: g992, 1281, or
Name: g2562, 2851, dff
Name: g2040, 2329, or
Name: g990, 1279, dff
Name: g989, 1278, nor
Name: g988, 1277, or
Name: g987, 1276, not
Name: g986, 1275, nor
Name: g985, 1274, or
Name: g984, 1273, nor
Name: g2179, 2468, nor
Name: g983, 1272, xnor
Name: g982, 1271, dff
Name: g1182, 1471, nor
Name: g981, 1270, dff
Name: g980, 1269, nor
Name: g979, 1268, not
Name: g2067, 2356, dff
Name: g1018, 1307, nor
Name: g978, 1267, nor
Name: g977, 1266, nor
Name: g976, 1265, or
Name: g2383, 2672, nor
Name: g975, 1264, dff
Name: g974, 1263, nor
Name: g973, 1262, or
Name: g2352, 2641, nor
Name: g972, 1261, nor
Name: g971, 1260, nor
Name: g969, 1258, nor
Name: g968, 1257, or
Name: g967, 1256, not
Name: g966, 1255, not
Name: g965, 1254, nor
Name: g964, 1253, xnor
Name: g961, 1250, not
Name: g960, 1249, xnor
Name: g959, 1248, not
Name: g958, 1247, or
Name: g957, 1246, xnor
Name: g956, 1245, or
Name: g2251, 2540, not
Name: g955, 1244, nor
Name: g954, 1243, or
Name: g953, 1242, xnor
Name: g952, 1241, buf
Name: g2631, 2920, or
Name: g1313, 1602, dff
Name: g951, 1240, nor
Name: g1204, 1493, nor
Name: g950, 1239, not
Name: g949, 1238, not
Name: g948, 1237, nor
Name: g947, 1236, not
Name: g946, 1235, nor
Name: g944, 1233, not
Name: g943, 1232, dff
Name: g942, 1231, nor
Name: g963, 1252, not
Name: g941, 1230, buf
Name: g940, 1229, not
Name: g939, 1228, nor
Name: g1382, 1671, nor
Name: g938, 1227, or
Name: g1344, 1633, or
Name: g937, 1226, nor
Name: g933, 1222, or
Name: g932, 1221, or
Name: g1586, 1875, or
Name: g931, 1220, not
Name: g930, 1219, nor
Name: g929, 1218, dff
Name: g928, 1217, dff
Name: g927, 1216, not
Name: g1650, 1939, or
Name: g926, 1215, nor
Name: g925, 1214, xnor
Name: g924, 1213, dff
Name: g922, 1211, not
Name: g921, 1210, dff
Name: g919, 1208, nor
Name: g918, 1207, dff
Name: g917, 1206, not
Name: g914, 1203, not
Name: g913, 1202, or
Name: g1440, 1729, nor
Name: g912, 1201, or
Name: g1263, 1552, not
Name: g911, 1200, not
Name: g910, 1199, or
Name: g909, 1198, nor
Name: g1991, 2280, nor
Name: g908, 1197, nor
Name: g907, 1196, nor
Name: g906, 1195, nor
Name: g905, 1194, nor
Name: g904, 1193, not
Name: g2586, 2875, xnor
Name: g2163, 2452, or
Name: g903, 1192, nor
Name: g902, 1191, or
Name: g901, 1190, nor
Name: g900, 1189, nor
Name: g899, 1188, nor
Name: g898, 1187, or
Name: g897, 1186, buf
Name: g895, 1184, not
Name: g1091, 1380, nor
Name: g893, 1182, xnor
Name: g891, 1180, or
Name: g890, 1179, not
Name: g889, 1178, nor
Name: g888, 1177, buf
Name: g887, 1176, nor
Name: g886, 1175, or
Name: g885, 1174, dff
Name: g884, 1173, xnor
Name: g883, 1172, not
Name: g882, 1171, nor
Name: g1417, 1706, nor
Name: g881, 1170, dff
Name: g2750, 3039, nor
Name: g880, 1169, nor
Name: g879, 1168, or
Name: g878, 1167, xnor
Name: g877, 1166, nor
Name: g875, 1164, xnor
Name: g874, 1163, nor
Name: g873, 1162, or
Name: g872, 1161, buf
Name: g1972, 2261, nor
Name: g871, 1160, nor
Name: g870, 1159, nor
Name: g869, 1158, nor
Name: g867, 1156, not
Name: g866, 1155, xnor
Name: g865, 1154, xor
Name: g896, 1185, or
Name: g864, 1153, not
Name: g863, 1152, nor
Name: g862, 1151, nor
Name: g861, 1150, or
Name: g860, 1149, xnor
Name: g859, 1148, nor
Name: g858, 1147, dff
Name: g857, 1146, or
Name: g856, 1145, nor
Name: g854, 1143, or
Name: g1324, 1613, or
Name: g853, 1142, nor
Name: g852, 1141, xnor
Name: g2605, 2894, nor
Name: g851, 1140, xnor
Name: g850, 1139, dff
Name: g849, 1138, not
Name: g847, 1136, or
Name: g846, 1135, or
Name: g845, 1134, nor
Name: g844, 1133, or
Name: g843, 1132, dff
Name: g842, 1131, dff
Name: g841, 1130, buf
Name: g840, 1129, dff
Name: g839, 1128, nor
Name: g838, 1127, nor
Name: g837, 1126, or
Name: g836, 1125, or
Name: g835, 1124, nor
Name: g834, 1123, nor
Name: g1832, 2121, nor
Name: g833, 1122, nor
Name: g831, 1120, dff
Name: g830, 1119, xnor
Name: g829, 1118, not
Name: g1546, 1835, dff
Name: g827, 1116, dff
Name: g826, 1115, buf
Name: g823, 1112, nor
Name: g822, 1111, or
Name: g821, 1110, nor
Name: g820, 1109, or
Name: g818, 1107, nor
Name: g817, 1106, nor
Name: g2545, 2834, dff
Name: g816, 1105, dff
Name: g815, 1104, nor
Name: g813, 1102, dff
Name: g812, 1101, dff
Name: g1363, 1652, or
Name: g811, 1100, nor
Name: g1224, 1513, or
Name: g810, 1099, buf
Name: g809, 1098, or
Name: g808, 1097, not
Name: g807, 1096, nor
Name: g806, 1095, or
Name: g805, 1094, dff
Name: g804, 1093, not
Name: g803, 1092, nor
Name: g802, 1091, or
Name: g801, 1090, nor
Name: g2672, 2961, not
Name: g800, 1089, dff
Name: g799, 1088, nor
Name: g798, 1087, dff
Name: g797, 1086, nor
Name: g796, 1085, nor
Name: g795, 1084, not
Name: g793, 1082, xnor
Name: g792, 1081, dff
Name: g2249, 2538, nor
Name: g791, 1080, nor
Name: g789, 1078, dff
Name: g2340, 2629, nor
Name: g788, 1077, not
Name: g787, 1076, nor
Name: g1849, 2138, nor
Name: g786, 1075, dff
Name: g785, 1074, nor
Name: g784, 1073, or
Name: g783, 1072, xnor
Name: g782, 1071, or
Name: g781, 1070, xnor
Name: g780, 1069, nor
Name: g779, 1068, dff
Name: g778, 1067, nor
Name: g777, 1066, or
Name: g775, 1064, or
Name: g774, 1063, nor
Name: g773, 1062, nor
Name: g772, 1061, nor
Name: g771, 1060, dff
Name: g770, 1059, xnor
Name: g767, 1056, dff
Name: g2508, 2797, nor
Name: g766, 1055, nor
Name: g1759, 2048, dff
Name: g765, 1054, nor
Name: g935, 1224, not
Name: g764, 1053, not
Name: g763, 1052, or
Name: g762, 1051, dff
Name: g761, 1050, not
Name: g2120, 2409, or
Name: g760, 1049, dff
Name: g759, 1048, or
Name: g758, 1047, dff
Name: g756, 1045, not
Name: g755, 1044, nor
Name: g753, 1042, dff
Name: g751, 1040, xnor
Name: g750, 1039, or
Name: g749, 1038, not
Name: g748, 1037, or
Name: g747, 1036, or
Name: g746, 1035, nor
Name: g745, 1034, or
Name: g744, 1033, nor
Name: g2557, 2846, dff
Name: g743, 1032, or
Name: g2075, 2364, not
Name: g742, 1031, or
Name: g741, 1030, dff
Name: g740, 1029, or
Name: g739, 1028, not
Name: g738, 1027, not
Name: g737, 1026, not
Name: g735, 1024, dff
Name: g734, 1023, nor
Name: g733, 1022, not
Name: g732, 1021, not
Name: g731, 1020, buf
Name: g2733, 3022, nor
Name: g730, 1019, nor
Name: g1443, 1732, nor
Name: g729, 1018, not
Name: g728, 1017, xnor
Name: g727, 1016, nor
Name: g726, 1015, or
Name: g1109, 1398, or
Name: g725, 1014, not
Name: g1616, 1905, or
Name: g723, 1012, nor
Name: g1823, 2112, or
Name: g722, 1011, dff
Name: g1137, 1426, or
Name: g721, 1010, dff
Name: g720, 1009, or
Name: g719, 1008, or
Name: g1754, 2043, xnor
Name: g718, 1007, or
Name: g717, 1006, nor
Name: g715, 1004, or
Name: g714, 1003, not
Name: g724, 1013, not
Name: g713, 1002, dff
Name: g1445, 1734, nor
Name: g711, 1000, nor
Name: g710, 999, or
Name: g2576, 2865, dff
Name: g709, 998, not
Name: g708, 997, dff
Name: g707, 996, dff
Name: g706, 995, xnor
Name: g1965, 2254, or
Name: g705, 994, or
Name: g704, 993, nor
Name: g703, 992, dff
Name: g702, 991, nor
Name: g923, 1212, dff
Name: g701, 990, dff
Name: g700, 989, dff
Name: g699, 988, nor
Name: g1671, 1960, dff
Name: g698, 987, not
Name: g2669, 2958, xnor
Name: g697, 986, or
Name: g696, 985, not
Name: g695, 984, or
Name: g694, 983, dff
Name: g692, 981, dff
Name: g691, 980, or
Name: g690, 979, not
Name: g1798, 2087, nor
Name: g688, 977, not
Name: g687, 976, xnor
Name: g2805, 3094, nor
Name: g686, 975, nor
Name: g685, 974, dff
Name: g684, 973, dff
Name: g1994, 2283, not
Name: g683, 972, dff
Name: g682, 971, or
Name: g680, 969, xnor
Name: g679, 968, not
Name: g678, 967, xnor
Name: g828, 1117, xnor
Name: g677, 966, nor
Name: g676, 965, buf
Name: g675, 964, or
Name: g674, 963, dff
Name: g673, 962, buf
Name: g672, 961, or
Name: g1142, 1431, nor
Name: g671, 960, nor
Name: g670, 959, nor
Name: g669, 958, or
Name: g667, 956, nor
Name: g666, 955, nor
Name: g665, 954, or
Name: g1605, 1894, nor
Name: g664, 953, not
Name: g1685, 1974, or
Name: g663, 952, nor
Name: g662, 951, or
Name: g661, 950, dff
Name: g660, 949, nor
Name: g659, 948, or
Name: g658, 947, dff
Name: g657, 946, not
Name: g656, 945, not
Name: g655, 944, nor
Name: g654, 943, dff
Name: g653, 942, not
Name: g652, 941, dff
Name: g651, 940, xnor
Name: g649, 938, buf
Name: g2250, 2539, xnor
Name: g648, 937, dff
Name: g647, 936, nor
Name: g1621, 1910, xnor
Name: g1264, 1553, nor
Name: g646, 935, or
Name: g1839, 2128, nor
Name: g645, 934, or
Name: g644, 933, dff
Name: g643, 932, not
Name: g642, 931, xnor
Name: g641, 930, not
Name: g640, 929, xnor
Name: g639, 928, nor
Name: g1332, 1621, nor
Name: g638, 927, or
Name: g637, 926, not
Name: g636, 925, or
Name: g635, 924, not
Name: g634, 923, dff
Name: g633, 922, nor
Name: g632, 921, nor
Name: g631, 920, buf
Name: g630, 919, not
Name: g1312, 1601, or
Name: g629, 918, nor
Name: g628, 917, dff
Name: g627, 916, not
Name: g626, 915, not
Name: g1739, 2028, or
Name: g625, 914, xnor
Name: g624, 913, not
Name: g623, 912, or
Name: g622, 911, not
Name: g620, 909, nor
Name: g2536, 2825, nor
Name: g619, 908, not
Name: g618, 907, dff
Name: g1659, 1948, not
Name: g617, 906, not
Name: g2620, 2909, nor
Name: g616, 905, or
Name: g615, 904, nor
Name: g1334, 1623, nor
Name: g614, 903, nor
Name: g612, 901, not
Name: g611, 900, dff
Name: g610, 899, xnor
Name: g609, 898, nor
Name: g608, 897, nor
Name: g2819, 3108, xnor
Name: g613, 902, nor
Name: g607, 896, or
Name: g2763, 3052, or
Name: g1894, 2183, not
Name: g1136, 1425, nor
Name: g606, 895, not
Name: g605, 894, not
Name: g1606, 1895, dff
Name: g604, 893, or
Name: g603, 892, or
Name: g602, 891, dff
Name: g601, 890, or
Name: g1185, 1474, dff
Name: g599, 888, not
Name: g754, 1043, dff
Name: g597, 886, or
Name: g1765, 2054, nor
Name: g596, 885, nor
Name: g595, 884, nor
Name: g594, 883, not
Name: g593, 882, dff
Name: g592, 881, nor
Name: g591, 880, or
Name: g589, 878, not
Name: g588, 877, nor
Name: g587, 876, not
Name: g586, 875, nor
Name: g1574, 1863, xnor
Name: g585, 874, or
Name: g2560, 2849, dff
Name: g1503, 1792, nor
Name: g584, 873, nor
Name: g583, 872, dff
Name: g582, 871, not
Name: g581, 870, not
Name: g580, 869, nor
Name: g2755, 3044, nor
Name: g579, 868, not
Name: g578, 867, not
Name: g577, 866, nor
Name: g576, 865, nor
Name: g2623, 2912, not
Name: g575, 864, or
Name: g574, 863, xnor
Name: g2408, 2697, dff
Name: g573, 862, not
Name: g572, 861, nor
Name: g1623, 1912, or
Name: g571, 860, or
Name: g1742, 2031, nor
Name: g570, 859, xnor
Name: g569, 858, xnor
Name: g568, 857, nor
Name: g567, 856, not
Name: g566, 855, nor
Name: g565, 854, not
Name: g564, 853, dff
Name: g563, 852, not
Name: g562, 851, nor
Name: g561, 850, nor
Name: g2549, 2838, or
Name: g560, 849, or
Name: g559, 848, buf
Name: g558, 847, dff
Name: g557, 846, or
Name: g555, 844, nor
Name: g554, 843, dff
Name: g553, 842, not
Name: g552, 841, or
Name: g551, 840, dff
Name: g550, 839, dff
Name: g2799, 3088, dff
Name: g549, 838, dff
Name: g548, 837, dff
Name: g547, 836, or
Name: g2811, 3100, not
Name: g546, 835, nor
Name: g545, 834, or
Name: g544, 833, nor
Name: g543, 832, not
Name: g1247, 1536, nor
Name: g542, 831, not
Name: g541, 830, nor
Name: g1524, 1813, nor
Name: g540, 829, xnor
Name: g539, 828, nor
Name: g538, 827, dff
Name: g536, 825, not
Name: g535, 824, dff
Name: g1305, 1594, dff
Name: g534, 823, dff
Name: g533, 822, xnor
Name: g532, 821, or
Name: g531, 820, not
Name: g530, 819, nor
Name: g529, 818, xnor
Name: g528, 817, nor
Name: g527, 816, nor
Name: g526, 815, nor
Name: g525, 814, not
Name: g524, 813, not
Name: g523, 812, or
Name: g522, 811, not
Name: g521, 810, dff
Name: g520, 809, nor
Name: g519, 808, nor
Name: g518, 807, nor
Name: g517, 806, nor
Name: g516, 805, nor
Name: g515, 804, dff
Name: g514, 803, xnor
Name: g513, 802, not
Name: g512, 801, xnor
Name: g511, 800, or
Name: g510, 799, nor
Name: g509, 798, xnor
Name: g508, 797, nor
Name: g507, 796, xnor
Name: g505, 794, nor
Name: g503, 792, nor
Name: g501, 790, buf
Name: g500, 789, not
Name: g499, 788, nor
Name: g498, 787, dff
Name: g1079, 1368, not
Name: g497, 786, nor
Name: g496, 785, not
Name: g495, 784, nor
Name: g494, 783, not
Name: g493, 782, not
Name: g492, 781, buf
Name: g491, 780, nor
Name: g490, 779, not
Name: g488, 777, xnor
Name: g487, 776, or
Name: g486, 775, nor
Name: g485, 774, dff
Name: g484, 773, not
Name: g483, 772, buf
Name: g2014, 2303, not
Name: g482, 771, xnor
Name: g481, 770, or
Name: g480, 769, or
Name: g489, 778, not
Name: g478, 767, nor
Name: g477, 766, nor
Name: g476, 765, nor
Name: g855, 1144, not
Name: g475, 764, not
Name: g1727, 2016, nor
Name: g473, 762, not
Name: g1563, 1852, not
Name: g472, 761, not
Name: g470, 759, nor
Name: g469, 758, not
Name: g468, 757, not
Name: g1950, 2239, or
Name: g467, 756, or
Name: g915, 1204, not
Name: g466, 755, or
Name: g465, 754, not
Name: g464, 753, nor
Name: g463, 752, nor
Name: g462, 751, nor
Name: g461, 750, or
Name: g460, 749, dff
Name: g459, 748, xor
Name: g962, 1251, not
Name: g825, 1114, dff
Name: g458, 747, or
Name: g457, 746, nor
Name: g455, 744, not
Name: g454, 743, or
Name: g453, 742, nor
Name: g2172, 2461, nor
Name: g450, 739, nor
Name: g449, 738, nor
Name: g448, 737, dff
Name: g447, 736, not
Name: g479, 768, nor
Name: g456, 745, or
Name: g446, 735, buf
Name: g2244, 2533, or
Name: g445, 734, nor
Name: g444, 733, xnor
Name: g1220, 1509, not
Name: g443, 732, nor
Name: g442, 731, not
Name: g1129, 1418, or
Name: g441, 730, not
Name: g440, 729, dff
Name: g439, 728, not
Name: g438, 727, nor
Name: g437, 726, nor
Name: g436, 725, not
Name: g2300, 2589, dff
Name: g892, 1181, nor
Name: g435, 724, nor
Name: g434, 723, not
Name: g2505, 2794, not
Name: g433, 722, xnor
Name: g1610, 1899, not
Name: g432, 721, nor
Name: g430, 719, not
Name: g429, 718, not
Name: g428, 717, nor
Name: g427, 716, dff
Name: g426, 715, dff
Name: g425, 714, dff
Name: g424, 713, not
Name: g423, 712, nor
Name: g422, 711, nor
Name: g421, 710, dff
Name: g420, 709, nor
Name: g2228, 2517, not
Name: g418, 707, dff
Name: g417, 706, nor
Name: g416, 705, xnor
Name: g415, 704, nor
Name: g414, 703, dff
Name: g413, 702, or
Name: g412, 701, or
Name: g411, 700, dff
Name: g410, 699, buf
Name: g409, 698, nor
Name: g407, 696, nor
Name: g1361, 1650, dff
Name: g406, 695, or
Name: g405, 694, not
Name: g404, 693, dff
Name: g403, 692, nor
Name: g402, 691, dff
Name: g1049, 1338, not
Name: g401, 690, nor
Name: g1241, 1530, nor
Name: g650, 939, or
Name: g400, 689, nor
Name: g399, 688, or
Name: g2480, 2769, xnor
Name: g398, 687, or
Name: g397, 686, xnor
Name: g396, 685, nor
Name: g395, 684, not
Name: g394, 683, dff
Name: g393, 682, xnor
Name: g391, 680, not
Name: g390, 679, nor
Name: g389, 678, not
Name: g387, 676, nor
Name: g1035, 1324, xnor
Name: g386, 675, not
Name: g385, 674, not
Name: g384, 673, not
Name: g383, 672, nor
Name: g382, 671, not
Name: g381, 670, nor
Name: g380, 669, or
Name: g379, 668, not
Name: g378, 667, xnor
Name: g377, 666, nor
Name: g1866, 2155, not
Name: g376, 665, xnor
Name: g375, 664, not
Name: g374, 663, not
Name: g373, 662, not
Name: g372, 661, not
Name: g370, 659, nor
Name: g369, 658, not
Name: g368, 657, or
Name: g1301, 1590, nor
Name: g367, 656, not
Name: g365, 654, nor
Name: g920, 1209, xnor
Name: g471, 760, not
Name: g364, 653, dff
Name: g363, 652, not
Name: g362, 651, buf
Name: g361, 650, or
Name: g360, 649, buf
Name: g359, 648, nor
Name: g358, 647, nor
Name: g357, 646, nor
Name: g356, 645, dff
Name: g1651, 1940, dff
Name: g355, 644, dff
Name: g1356, 1645, nor
Name: g354, 643, dff
Name: g353, 642, dff
Name: g352, 641, nor
Name: g351, 640, or
Name: g350, 639, buf
Name: g349, 638, buf
Name: g348, 637, dff
Name: g347, 636, nor
Name: g346, 635, xnor
Name: g345, 634, not
Name: g2735, 3024, nor
Name: g344, 633, dff
Name: g343, 632, nor
Name: g1469, 1758, not
Name: g342, 631, nor
Name: g341, 630, or
Name: g814, 1103, or
Name: g340, 629, not
Name: g339, 628, or
Name: g338, 627, nor
Name: g337, 626, not
Name: g2821, 3110, not
Name: g336, 625, dff
Name: g335, 624, dff
Name: g334, 623, or
Name: g333, 622, or
Name: g332, 621, nor
Name: g331, 620, dff
Name: g330, 619, dff
Name: g329, 618, nor
Name: g328, 617, xnor
Name: g327, 616, or
Name: g326, 615, not
Name: g325, 614, or
Name: g794, 1083, or
Name: g324, 613, or
Name: g322, 611, not
Name: g321, 610, nor
Name: g319, 608, or
Name: g318, 607, nor
Name: g317, 606, dff
Name: g316, 605, xnor
Name: g315, 604, xnor
Name: g2621, 2910, nor
Name: g314, 603, dff
Name: g2118, 2407, dff
Name: g313, 602, not
Name: g312, 601, dff
Name: g311, 600, or
Name: g310, 599, not
Name: g2632, 2921, nor
Name: g309, 598, not
Name: g308, 597, nor
Name: g2453, 2742, dff
Name: g307, 596, dff
Name: g1340, 1629, or
Name: g305, 594, or
Name: g304, 593, dff
Name: g1886, 2175, xnor
Name: g303, 592, not
Name: g1917, 2206, or
Name: g302, 591, nor
Name: g301, 590, nor
Name: g300, 589, nor
Name: g299, 588, nor
Name: g298, 587, or
Name: g297, 586, not
Name: g296, 585, not
Name: g295, 584, dff
Name: g294, 583, or
Name: g293, 582, or
Name: g292, 581, dff
Name: g1831, 2120, dff
Name: g291, 580, xnor
Name: g290, 579, dff
Name: g287, 576, not
Name: g2201, 2490, xnor
Name: g286, 575, dff
Name: g1227, 1516, dff
Name: g285, 574, nor
Name: g284, 573, buf
Name: g283, 572, not
Name: g282, 571, nor
Name: g281, 570, or
Name: g280, 569, not
Name: g279, 568, nor
Name: g2655, 2944, not
Name: g278, 567, not
Name: g277, 566, dff
Name: g502, 791, buf
Name: g275, 564, dff
Name: g274, 563, nor
Name: g273, 562, dff
Name: g272, 561, nor
Name: g271, 560, dff
Name: g270, 559, dff
Name: g269, 558, not
Name: g268, 557, or
Name: g267, 556, nor
Name: g266, 555, nor
Name: g265, 554, not
Name: g264, 553, xor
Name: g1936, 2225, not
Name: g263, 552, nor
Name: g262, 551, or
Name: g260, 549, nor
Name: g259, 548, nor
Name: g258, 547, buf
Name: g257, 546, nor
Name: g256, 545, or
Name: g255, 544, dff
Name: g598, 887, not
Name: g254, 543, nor
Name: g253, 542, dff
Name: g1837, 2126, not
Name: g252, 541, nor
Name: g1259, 1548, nor
Name: g251, 540, nor
Name: g250, 539, dff
Name: g2282, 2571, dff
Name: g249, 538, nor
Name: g248, 537, or
Name: g247, 536, dff
Name: g246, 535, not
Name: g245, 534, dff
Name: g2417, 2706, nor
Name: g244, 533, not
Name: g243, 532, nor
Name: g242, 531, nor
Name: g241, 530, nor
Name: g240, 529, xnor
Name: g239, 528, buf
Name: g238, 527, or
Name: g237, 526, or
Name: g236, 525, nor
Name: g235, 524, or
Name: g1872, 2161, dff
Name: g234, 523, or
Name: g233, 522, not
Name: g232, 521, not
Name: g230, 519, nor
Name: g2112, 2401, not
Name: g229, 518, or
Name: g228, 517, or
Name: g506, 795, not
Name: g226, 515, not
Name: g225, 514, dff
Name: g224, 513, nor
Name: g223, 512, not
Name: g222, 511, dff
Name: g221, 510, not
Name: g452, 741, nor
Name: g220, 509, nor
Name: g219, 508, dff
Name: g218, 507, nor
Name: g2548, 2837, nor
Name: g217, 506, dff
Name: g216, 505, nor
Name: g215, 504, nor
Name: g214, 503, nor
Name: g2081, 2370, nor
Name: g213, 502, nor
Name: g212, 501, not
Name: g211, 500, or
Name: g210, 499, or
Name: g209, 498, nor
Name: g207, 496, not
Name: g206, 495, nor
Name: g205, 494, xnor
Name: g790, 1079, or
Name: g204, 493, not
Name: g208, 497, dff
Name: g203, 492, not
Name: g202, 491, xnor
Name: g201, 490, nor
Name: g200, 489, or
Name: g199, 488, nor
Name: g198, 487, nor
Name: g197, 486, nor
Name: g2331, 2620, dff
Name: g196, 485, dff
Name: g195, 484, nor
Name: g194, 483, or
Name: g193, 482, dff
Name: g1595, 1884, not
Name: g192, 481, not
Name: g2431, 2720, or
Name: g191, 480, xnor
Name: g712, 1001, or
Name: g190, 479, nor
Name: g189, 478, not
Name: g188, 477, or
Name: g187, 476, xnor
Name: g2430, 2719, dff
Name: g185, 474, not
Name: g184, 473, not
Name: g183, 472, not
Name: g2308, 2597, or
Name: g182, 471, nor
Name: g2354, 2643, or
Name: g181, 470, or
Name: g180, 469, dff
Name: g179, 468, dff
Name: g178, 467, dff
Name: g177, 466, or
Name: g176, 465, nor
Name: g174, 463, nor
Name: g173, 462, nor
Name: g172, 461, not
Name: g171, 460, or
Name: g170, 459, nor
Name: g1852, 2141, or
Name: g169, 458, dff
Name: g168, 457, dff
Name: g2566, 2855, not
Name: g1001, 1290, dff
Name: g167, 456, nor
Name: g166, 455, nor
Name: g165, 454, not
Name: g164, 453, nor
Name: g1158, 1447, not
Name: g163, 452, not
Name: g162, 451, dff
Name: g161, 450, dff
Name: g160, 449, or
Name: g159, 448, dff
Name: g158, 447, nor
Name: g157, 446, nor
Name: g156, 445, or
Name: g1413, 1702, dff
Name: g155, 444, or
Name: g154, 443, xnor
Name: g419, 708, nor
Name: g153, 442, dff
Name: g152, 441, nor
Name: g151, 440, buf
Name: g752, 1041, nor
Name: g150, 439, dff
Name: g149, 438, dff
Name: g148, 437, nor
Name: g147, 436, dff
Name: g146, 435, nor
Name: g145, 434, not
Name: g1786, 2075, nor
Name: g144, 433, not
Name: g1093, 1382, dff
Name: g143, 432, dff
Name: g1840, 2129, nor
Name: g142, 431, nor
Name: g141, 430, buf
Name: g140, 429, nor
Name: g139, 428, or
Name: g138, 427, nor
Name: g137, 426, dff
Name: g136, 425, dff
Name: g135, 424, not
Name: g2830, 3119, not
Name: g134, 423, not
Name: g736, 1025, dff
Name: g133, 422, not
Name: g132, 421, not
Name: g131, 420, dff
Name: g130, 419, or
Name: g2825, 3114, or
Name: g474, 763, nor
Name: g129, 418, not
Name: g128, 417, nor
Name: g127, 416, nor
Name: g126, 415, xnor
Name: g125, 414, not
Name: g124, 413, or
Name: g122, 411, dff
Name: g121, 410, nor
Name: g120, 409, dff
Name: g2607, 2896, xnor
Name: g1578, 1867, dff
Name: g119, 408, not
Name: g118, 407, or
Name: g117, 406, dff
Name: g116, 405, or
Name: g115, 404, dff
Name: g114, 403, not
Name: g113, 402, or
Name: g112, 401, dff
Name: g111, 400, nor
Name: g110, 399, buf
Name: g109, 398, not
Name: g108, 397, nor
Name: g768, 1057, or
Name: g107, 396, not
Name: g2692, 2981, dff
Name: g106, 395, or
Name: g105, 394, not
Name: g1228, 1517, or
Name: g104, 393, nor
Name: g103, 392, dff
Name: g102, 391, dff
Name: g101, 390, nor
Name: g100, 389, or
Name: g99, 388, dff
Name: g98, 387, or
Name: g2020, 2309, nor
Name: g97, 386, nor
Name: g96, 385, nor
Name: g95, 384, nor
Name: g94, 383, not
Name: g93, 382, dff
Name: g2711, 3000, or
Name: g92, 381, dff
Name: g2659, 2948, nor
Name: g91, 380, not
Name: g90, 379, nor
Name: g89, 378, nor
Name: g88, 377, or
Name: g86, 375, not
Name: g85, 374, dff
Name: g84, 373, or
Name: g2777, 3066, or
Name: g83, 372, xnor
Name: g2139, 2428, nor
Name: g82, 371, xnor
Name: g81, 370, not
Name: g80, 369, nor
Name: g1171, 1460, dff
Name: g934, 1223, or
Name: g79, 368, dff
Name: g78, 367, nor
Name: g77, 366, dff
Name: g76, 365, or
Name: g75, 364, not
Name: g74, 363, dff
Name: g73, 362, dff
Name: g72, 361, not
Name: g71, 360, dff
Name: g69, 358, xnor
Name: g68, 357, nor
Name: g67, 356, or
Name: g66, 355, not
Name: g65, 354, nor
Name: g2260, 2549, not
Name: g64, 353, not
Name: g936, 1225, buf
Name: g63, 352, dff
Name: g62, 351, nor
Name: g431, 720, not
Name: g61, 350, nor
Name: g60, 349, not
Name: g59, 348, nor
Name: g58, 347, nor
Name: g1154, 1443, nor
Name: g57, 346, nor
Name: g56, 345, xnor
Name: g2273, 2562, nor
Name: g55, 344, not
Name: g227, 516, dff
Name: g54, 343, not
Name: g53, 342, nor
Name: g52, 341, or
Name: g51, 340, or
Name: g50, 339, or
Name: g49, 338, nor
Name: g48, 337, nor
Name: g47, 336, or
Name: g848, 1137, or
Name: g45, 334, nor
Name: g1396, 1685, nor
Name: g44, 333, dff
Name: g43, 332, nor
Name: g504, 793, or
Name: g42, 331, dff
Name: g41, 330, nor
Name: g388, 677, not
Name: g40, 329, nor
Name: g1945, 2234, nor
Name: g681, 970, not
Name: g39, 328, not
Name: g38, 327, dff
Name: g37, 326, nor
Name: g36, 325, not
Name: g35, 324, xnor
Name: g34, 323, or
Name: g33, 322, or
Name: g2380, 2669, not
Name: g32, 321, xnor
Name: g1897, 2186, nor
Name: g31, 320, not
Name: g30, 319, not
Name: g970, 1259, dff
Name: g29, 318, not
Name: g28, 317, xnor
Name: g27, 316, not
Name: g323, 612, not
Name: g26, 315, xnor
Name: g25, 314, not
Name: g24, 313, nor
Name: g23, 312, or
Name: g22, 311, xnor
Name: g21, 310, xnor
Name: g20, 309, dff
Name: g19, 308, nor
Name: g18, 307, nor
Name: g17, 306, dff
Name: g2369, 2658, or
Name: g16, 305, nor
Name: g15, 304, dff
Name: g1146, 1435, not
Name: g14, 303, dff
Name: g13, 302, nor
Name: g12, 301, xnor
Name: g11, 300, nor
Name: g10, 299, buf
Name: g261, 550, nor
Name: g9, 298, not
Name: g8, 297, nor
Name: g7, 296, not
Name: g6, 295, dff
Name: g5, 294, or
Name: g4, 293, not
Name: g3, 292, not
Name: g2072, 2361, dff
Name: g2, 291, or
Name: g1713, 2002, nor
Name: g1, 290, not
Name: g0, 289, not
Name: n17[7], 288, output
Name: n17[6], 287, output
Name: g1788, 2077, not
Name: g451, 740, nor
Name: n17[5], 286, output
Name: n17[4], 285, output
Name: n17[3], 284, output
Name: n17[2], 283, output
Name: g2242, 2531, not
Name: n17[1], 282, output
Name: n17[0], 281, output
Name: n16[15], 280, output
Name: g2725, 3014, nor
Name: n16[14], 279, output
Name: g2728, 3017, nor
Name: n16[13], 278, output
Name: g1452, 1741, nor
Name: n16[12], 277, output
Name: n16[11], 276, output
Name: n16[10], 275, output
Name: g590, 879, dff
Name: n16[9], 274, output
Name: n16[8], 273, output
Name: n16[7], 272, output
Name: n16[6], 271, output
Name: n16[5], 270, output
Name: n16[4], 269, output
Name: n16[3], 268, output
Name: n16[2], 267, output
Name: n16[1], 266, output
Name: n16[0], 265, output
Name: g1793, 2082, nor
Name: n15[15], 264, output
Name: g689, 978, nor
Name: n15[14], 263, output
Name: n15[13], 262, output
Name: n15[12], 261, output
Name: g716, 1005, or
Name: n15[11], 260, output
Name: n15[10], 259, output
Name: n15[9], 258, output
Name: n15[8], 257, output
Name: n15[7], 256, output
Name: g916, 1205, or
Name: n15[6], 255, output
Name: n15[5], 254, output
Name: n15[4], 253, output
Name: g832, 1121, or
Name: n15[3], 252, output
Name: g70, 359, nor
Name: n15[2], 251, output
Name: g2049, 2338, or
Name: n15[1], 250, output
Name: n15[0], 249, output
Name: n14[31], 248, output
Name: n14[30], 247, output
Name: g2495, 2784, or
Name: n14[29], 246, output
Name: g769, 1058, dff
Name: n14[28], 245, output
Name: n14[27], 244, output
Name: n14[26], 243, output
Name: n14[25], 242, output
Name: n14[24], 241, output
Name: n14[23], 240, output
Name: n14[22], 239, output
Name: n14[21], 238, output
Name: n14[20], 237, output
Name: n14[19], 236, output
Name: n14[18], 235, output
Name: n14[17], 234, output
Name: n14[16], 233, output
Name: g945, 1234, xnor
Name: n14[15], 232, output
Name: n14[14], 231, output
Name: n14[13], 230, output
Name: n14[12], 229, output
Name: n14[11], 228, output
Name: n14[10], 227, output
Name: n14[9], 226, output
Name: n14[8], 225, output
Name: n14[7], 224, output
Name: n14[6], 223, output
Name: n14[5], 222, output
Name: n14[4], 221, output
Name: n14[3], 220, output
Name: n14[2], 219, output
Name: g392, 681, dff
Name: n14[1], 218, output
Name: n14[0], 217, output
Name: n13[31], 216, output
Name: n13[30], 215, output
Name: n13[29], 214, output
Name: n13[28], 213, output
Name: g2131, 2420, not
Name: n13[27], 212, output
Name: g868, 1157, nor
Name: g408, 697, dff
Name: n13[26], 211, output
Name: n13[25], 210, output
Name: g2827, 3116, nor
Name: g1622, 1911, nor
Name: n13[24], 209, output
Name: n13[23], 208, output
Name: n13[22], 207, output
Name: n13[21], 206, output
Name: n13[20], 205, output
Name: g289, 578, nor
Name: n13[19], 204, output
Name: g894, 1183, nor
Name: n13[18], 203, output
Name: n13[16], 201, output
Name: g621, 910, not
Name: n13[15], 200, output
Name: n13[14], 199, output
Name: n13[13], 198, output
Name: n13[12], 197, output
Name: n13[11], 196, output
Name: g2399, 2688, dff
Name: n13[10], 195, output
Name: n13[9], 194, output
Name: n13[8], 193, output
Name: n13[7], 192, output
Name: n13[6], 191, output
Name: n13[5], 190, output
Name: g2306, 2595, or
Name: g306, 595, dff
Name: n13[4], 189, output
Name: g175, 464, or
Name: n13[3], 188, output
Name: n13[2], 187, output
Name: n13[1], 186, output
Name: n13[0], 185, output
Name: g2778, 3067, nor
Name: g1358, 1647, nor
Name: n12[31], 184, output
Name: n12[30], 183, output
Name: n12[29], 182, output
Name: g2114, 2403, dff
Name: n12[28], 181, output
Name: n12[27], 180, output
Name: g366, 655, or
Name: n12[26], 179, output
Name: n12[25], 178, output
Name: n12[24], 177, output
Name: n12[23], 176, output
Name: n12[22], 175, output
Name: n12[21], 174, output
Name: n12[20], 173, output
Name: g1163, 1452, nor
Name: n12[19], 172, output
Name: g1439, 1728, not
Name: g1233, 1522, or
Name: n12[18], 171, output
Name: n12[17], 170, output
Name: n12[16], 169, output
Name: g1380, 1669, nor
Name: n12[15], 168, output
Name: n12[14], 167, output
Name: n12[13], 166, output
Name: n12[12], 165, output
Name: n12[11], 164, output
Name: n12[10], 163, output
Name: g1342, 1631, nor
Name: n12[9], 162, output
Name: g2025, 2314, not
Name: n12[8], 161, output
Name: n12[7], 160, output
Name: g1039, 1328, nor
Name: n12[6], 159, output
Name: n12[5], 158, output
Name: n12[4], 157, output
Name: g2185, 2474, dff
Name: n12[3], 156, output
Name: n12[2], 155, output
Name: n12[1], 154, output
Name: n12[0], 153, output
Name: n11[31], 152, output
Name: n11[30], 151, output
Name: n11[29], 150, output
Name: n11[28], 149, output
Name: n11[27], 148, output
Name: n11[26], 147, output
Name: n11[25], 146, output
Name: n11[24], 145, output
Name: n11[23], 144, output
Name: n11[22], 143, output
Name: g231, 520, dff
Name: n11[21], 142, output
Name: g876, 1165, buf
Name: n11[20], 141, output
Name: g87, 376, or
Name: n11[19], 140, output
Name: n11[18], 139, output
Name: n11[17], 138, output
Name: n11[16], 137, output
Name: n11[15], 136, output
Name: n11[14], 135, output
Name: n11[13], 134, output
Name: n11[12], 133, output
Name: n11[11], 132, output
Name: n11[10], 131, output
Name: n11[9], 130, output
Name: n11[8], 129, output
Name: n11[7], 128, output
Name: g1568, 1857, or
Name: n11[6], 127, output
Name: n11[5], 126, output
Name: n11[4], 125, output
Name: n11[3], 124, output
Name: n11[2], 123, output
Name: g1243, 1532, or
Name: n11[1], 122, output
Name: n11[0], 121, output
Name: n10[3], 120, output
Name: g819, 1108, xnor
Name: n10[2], 119, output
Name: n10[1], 118, output
Name: n10[0], 117, output
Name: n9[7], 116, input
Name: n9[6], 115, input
Name: n9[5], 114, input
Name: n9[4], 113, input
Name: n9[3], 112, input
Name: g757, 1046, nor
Name: n9[2], 111, input
Name: g2271, 2560, or
Name: n9[1], 110, input
Name: n9[0], 109, input
Name: n8[1], 108, input
Name: g46, 335, nor
Name: n8[0], 107, input
Name: n7[3], 106, input
Name: g1011, 1300, not
Name: g991, 1280, not
Name: n7[2], 105, input
Name: n7[1], 104, input
Name: n7[0], 103, input
Name: n6[3], 102, input
Name: n6[2], 101, input
Name: n6[1], 100, input
Name: g1949, 2238, buf
Name: n6[0], 99, input
Name: n5[31], 98, input
Name: n5[30], 97, input
Name: g537, 826, not
Name: n5[29], 96, input
Name: n5[28], 95, input
Name: n5[27], 94, input
Name: n5[26], 93, input
Name: n5[25], 92, input
Name: g2521, 2810, dff
Name: n5[24], 91, input
Name: n5[23], 90, input
Name: n5[22], 89, input
Name: g2558, 2847, dff
Name: n5[21], 88, input
Name: n5[20], 87, input
Name: g2444, 2733, dff
Name: g1160, 1449, xnor
Name: n5[19], 86, input
Name: n5[18], 85, input
Name: n5[17], 84, input
Name: g320, 609, nor
Name: n5[16], 83, input
Name: n5[15], 82, input
Name: n5[14], 81, input
Name: n5[13], 80, input
Name: g288, 577, nor
Name: n5[12], 79, input
Name: n5[11], 78, input
Name: n5[10], 77, input
Name: n5[9], 76, input
Name: n5[8], 75, input
Name: n5[7], 74, input
Name: n5[6], 73, input
Name: n5[5], 72, input
Name: g2324, 2613, dff
Name: n5[4], 71, input
Name: n5[3], 70, input
Name: n5[2], 69, input
Name: n5[1], 68, input
Name: n5[0], 67, input
Name: g556, 845, nor
Name: n4[31], 66, input
Name: n4[30], 65, input
Name: g2800, 3089, not
Name: n13[17], 202, output
Name: n4[29], 64, input
Name: n4[28], 63, input
Name: n4[27], 62, input
Name: n4[26], 61, input
Name: n4[25], 60, input
Name: n4[24], 59, input
Name: n4[23], 58, input
Name: n4[22], 57, input
Name: n4[21], 56, input
Name: g1983, 2272, dff
Name: n4[20], 55, input
Name: n4[19], 54, input
Name: n4[18], 53, input
Name: n4[17], 52, input
Name: n4[16], 51, input
Name: n4[15], 50, input
Name: n4[14], 49, input
Name: n4[13], 48, input
Name: g2490, 2779, or
Name: g2462, 2751, xnor
Name: n4[12], 47, input
Name: n4[11], 46, input
Name: n4[10], 45, input
Name: n4[9], 44, input
Name: n4[8], 43, input
Name: g1478, 1767, dff
Name: n4[7], 42, input
Name: g1704, 1993, or
Name: g693, 982, nor
Name: n4[6], 41, input
Name: n4[5], 40, input
Name: n4[4], 39, input
Name: n4[3], 38, input
Name: n4[2], 37, input
Name: n4[1], 36, input
Name: g1615, 1904, xor
Name: n4[0], 35, input
Name: n3[31], 34, input
Name: n3[30], 33, input
Name: g668, 957, or
Name: n3[29], 32, input
Name: n3[28], 31, input
Name: n3[27], 30, input
Name: n3[26], 29, input
Name: n3[25], 28, input
Name: n3[24], 27, input
Name: n3[23], 26, input
Name: g1553, 1842, nor
Name: n3[22], 25, input
Name: g186, 475, not
Name: n3[21], 24, input
Name: g2395, 2684, nor
Name: n3[20], 23, input
Name: n3[19], 22, input
Name: n3[18], 21, input
Name: n3[17], 20, input
Name: g600, 889, or
Name: n3[16], 19, input
Name: g371, 660, or
Name: n3[15], 18, input
Name: n3[14], 17, input
Name: g1497, 1786, buf
Name: g1070, 1359, dff
Name: n3[13], 16, input
Name: n3[12], 15, input
Name: n3[11], 14, input
Name: g1710, 1999, dff
Name: n3[10], 13, input
Name: g276, 565, nor
Name: n3[9], 12, input
Name: g824, 1113, nor
Name: n3[8], 11, input
Name: n3[7], 10, input
Name: n3[6], 9, input
Name: g1047, 1336, or
Name: n3[5], 8, input
Name: n3[4], 7, input
Name: n3[3], 6, input
Name: n3[2], 5, input
Name: g776, 1065, or
Name: n3[1], 4, input
Name: n3[0], 3, input
Name: n2, 2, input
Name: n1, 1, input
Name: g123, 412, not
Name: n0, 0, input
