Name: g3040, 3362, nor
Name: g3039, 3361, nor
Name: g3038, 3360, nand
Name: g3036, 3358, nand
Name: g3035, 3357, nand
Name: g3034, 3356, nand
Name: g3031, 3353, dff
Name: g3030, 3352, dff
Name: g3026, 3348, xnor
Name: g3023, 3345, nor
Name: g3021, 3343, or
Name: g3018, 3340, or
Name: g3017, 3339, or
Name: g3016, 3338, nand
Name: g3015, 3337, dff
Name: g3014, 3336, nor
Name: g3012, 3334, nand
Name: g3010, 3332, nand
Name: g3008, 3330, nor
Name: g3006, 3328, nand
Name: g3004, 3326, nor
Name: g3002, 3324, nand
Name: g3000, 3322, or
Name: g2999, 3321, nand
Name: g2998, 3320, nand
Name: g2996, 3318, or
Name: g2995, 3317, or
Name: g2994, 3316, nand
Name: g2993, 3315, xnor
Name: g2992, 3314, nand
Name: g2991, 3313, or
Name: g2989, 3311, nor
Name: g2987, 3309, dff
Name: g2985, 3307, xnor
Name: g2984, 3306, dff
Name: g2983, 3305, nand
Name: g2980, 3302, nand
Name: g2978, 3300, dff
Name: g2977, 3299, nand
Name: g2975, 3297, nor
Name: g2974, 3296, not
Name: g2973, 3295, nand
Name: g2970, 3292, not
Name: g2968, 3290, xnor
Name: g2965, 3287, nor
Name: g2964, 3286, nor
Name: g2962, 3284, nand
Name: g2957, 3279, nand
Name: g2954, 3276, or
Name: g2953, 3275, xnor
Name: g2952, 3274, dff
Name: g2949, 3271, dff
Name: g2946, 3268, nand
Name: g2945, 3267, nand
Name: g2944, 3266, xnor
Name: g2941, 3263, or
Name: g2940, 3262, or
Name: g2939, 3261, nand
Name: g2937, 3259, dff
Name: g2935, 3257, nand
Name: g2934, 3256, nand
Name: g2931, 3253, nor
Name: g2929, 3251, nand
Name: g2926, 3248, nand
Name: g2925, 3247, nand
Name: g2924, 3246, or
Name: g2920, 3242, nand
Name: g2917, 3239, nand
Name: g2916, 3238, nor
Name: g2914, 3236, nand
Name: g2912, 3234, nor
Name: g2911, 3233, not
Name: g2909, 3231, or
Name: g2908, 3230, dff
Name: g2907, 3229, nor
Name: g3013, 3335, nand
Name: g2900, 3222, nand
Name: g2899, 3221, nor
Name: g2981, 3303, or
Name: g2897, 3219, nand
Name: g2893, 3215, nand
Name: g2891, 3213, dff
Name: g2890, 3212, dff
Name: g2889, 3211, nand
Name: g2888, 3210, nand
Name: g2886, 3208, nor
Name: g2885, 3207, or
Name: g2883, 3205, nand
Name: g2881, 3203, or
Name: g2880, 3202, nand
Name: g2879, 3201, xnor
Name: g2874, 3196, nand
Name: g2872, 3194, nand
Name: g2871, 3193, nor
Name: g2870, 3192, nand
Name: g2869, 3191, or
Name: g2866, 3188, nand
Name: g2864, 3186, nor
Name: g2861, 3183, nand
Name: g2860, 3182, nor
Name: g2859, 3181, dff
Name: g2858, 3180, dff
Name: g2857, 3179, not
Name: g2856, 3178, nand
Name: g2855, 3177, or
Name: g2854, 3176, or
Name: g2850, 3172, nor
Name: g2848, 3170, nor
Name: g2846, 3168, nand
Name: g2843, 3165, nand
Name: g2842, 3164, dff
Name: g2840, 3162, xnor
Name: g2837, 3159, nand
Name: g2834, 3156, xnor
Name: g2832, 3154, nand
Name: g2829, 3151, nand
Name: g2827, 3149, nor
Name: g2824, 3146, or
Name: g2822, 3144, xnor
Name: g2821, 3143, nor
Name: g2820, 3142, nand
Name: g2817, 3139, nand
Name: g2816, 3138, nand
Name: g2814, 3136, not
Name: g2811, 3133, or
Name: g2808, 3130, nor
Name: g2841, 3163, nand
Name: g2807, 3129, nand
Name: g2805, 3127, nand
Name: g2804, 3126, nand
Name: g2803, 3125, not
Name: g2802, 3124, nand
Name: g2799, 3121, nor
Name: g2798, 3120, nand
Name: g2797, 3119, or
Name: g2794, 3116, nor
Name: g2887, 3209, xnor
Name: g2793, 3115, nor
Name: g2792, 3114, or
Name: g2788, 3110, nand
Name: g2787, 3109, dff
Name: g2786, 3108, nand
Name: g2785, 3107, nand
Name: g2784, 3106, nand
Name: g2783, 3105, nor
Name: g2782, 3104, nor
Name: g2780, 3102, nand
Name: g2779, 3101, nand
Name: g2777, 3099, nor
Name: g2775, 3097, nor
Name: g2862, 3184, dff
Name: g2774, 3096, nand
Name: g2773, 3095, nand
Name: g2772, 3094, nor
Name: g2770, 3092, nand
Name: g2769, 3091, not
Name: g2766, 3088, nor
Name: g2764, 3086, nand
Name: g2763, 3085, nand
Name: g2762, 3084, or
Name: g2760, 3082, nand
Name: g3025, 3347, nand
Name: g2759, 3081, nand
Name: g2758, 3080, nand
Name: g2757, 3079, xnor
Name: g2756, 3078, nor
Name: g2754, 3076, or
Name: g2753, 3075, xnor
Name: g2749, 3071, xnor
Name: g2746, 3068, nor
Name: g2745, 3067, nand
Name: g2744, 3066, nand
Name: g2743, 3065, or
Name: g2741, 3063, nand
Name: g2737, 3059, nand
Name: g2735, 3057, dff
Name: g2733, 3055, nand
Name: g2732, 3054, nand
Name: g2729, 3051, xor
Name: g2728, 3050, nand
Name: g2727, 3049, nand
Name: g2726, 3048, nor
Name: g2724, 3046, nor
Name: g2722, 3044, nor
Name: g2721, 3043, nand
Name: g2720, 3042, nand
Name: g2718, 3040, nand
Name: g2717, 3039, nand
Name: g2715, 3037, nor
Name: g2714, 3036, nor
Name: g2713, 3035, dff
Name: g2712, 3034, nand
Name: g2708, 3030, nand
Name: g2950, 3272, not
Name: g2707, 3029, nand
Name: g2706, 3028, nand
Name: g2705, 3027, nand
Name: g2704, 3026, not
Name: g2698, 3020, nand
Name: g2697, 3019, nand
Name: g2696, 3018, nor
Name: g2694, 3016, nand
Name: g2693, 3015, nand
Name: g2692, 3014, nand
Name: g2690, 3012, dff
Name: g2689, 3011, or
Name: g2688, 3010, nand
Name: g2687, 3009, not
Name: g2686, 3008, dff
Name: g2685, 3007, or
Name: g2684, 3006, nor
Name: g2682, 3004, xnor
Name: g2681, 3003, nor
Name: g2768, 3090, not
Name: g2679, 3001, nand
Name: g2678, 3000, or
Name: g2676, 2998, nand
Name: g2673, 2995, xnor
Name: g2672, 2994, nor
Name: g2844, 3166, xnor
Name: g2670, 2992, nand
Name: g2669, 2991, or
Name: g2666, 2988, xnor
Name: g2665, 2987, xnor
Name: g2659, 2981, nor
Name: g2966, 3288, or
Name: g2658, 2980, nand
Name: g2654, 2976, xnor
Name: g2653, 2975, xnor
Name: g2651, 2973, nand
Name: g2650, 2972, nand
Name: g2649, 2971, nand
Name: g2648, 2970, nand
Name: g2647, 2969, nand
Name: g2645, 2967, or
Name: g2644, 2966, nor
Name: g2643, 2965, dff
Name: g2641, 2963, or
Name: g2639, 2961, nand
Name: g2636, 2958, nor
Name: g2631, 2953, nor
Name: g2629, 2951, nand
Name: g2627, 2949, nand
Name: g2622, 2944, nand
Name: g2621, 2943, or
Name: g2620, 2942, nor
Name: g2618, 2940, or
Name: g2616, 2938, nand
Name: g2612, 2934, nand
Name: g2609, 2931, nand
Name: g2608, 2930, dff
Name: g2607, 2929, xnor
Name: g2606, 2928, nand
Name: g2605, 2927, nand
Name: g2602, 2924, nor
Name: g2599, 2921, or
Name: g2594, 2916, nor
Name: g2591, 2913, nand
Name: g2589, 2911, nand
Name: g2587, 2909, nand
Name: g2586, 2908, or
Name: g2584, 2906, nand
Name: g2583, 2905, dff
Name: g2662, 2984, nand
Name: g2579, 2901, nand
Name: g2577, 2899, dff
Name: g2575, 2897, xnor
Name: g2574, 2896, nand
Name: g2573, 2895, or
Name: g2571, 2893, xnor
Name: g2569, 2891, nor
Name: g2567, 2889, nand
Name: g2564, 2886, nand
Name: g2646, 2968, nand
Name: g2563, 2885, nand
Name: g2562, 2884, nor
Name: g2561, 2883, or
Name: g2558, 2880, nand
Name: g2556, 2878, or
Name: g2554, 2876, nand
Name: g2552, 2874, nand
Name: g2550, 2872, nand
Name: g2546, 2868, nand
Name: g2545, 2867, nor
Name: g2544, 2866, nand
Name: g2542, 2864, or
Name: g2538, 2860, nand
Name: g2536, 2858, nand
Name: g2535, 2857, nand
Name: g2534, 2856, nand
Name: g2823, 3145, nand
Name: g2533, 2855, or
Name: g2532, 2854, dff
Name: g2531, 2853, nand
Name: g2529, 2851, or
Name: g2525, 2847, xor
Name: g2519, 2841, nand
Name: g2518, 2840, nand
Name: g2541, 2863, or
Name: g2517, 2839, xnor
Name: g2516, 2838, nand
Name: g2515, 2837, xor
Name: g2511, 2833, xnor
Name: g3009, 3331, nor
Name: g2504, 2826, nor
Name: g2502, 2824, nand
Name: g2501, 2823, dff
Name: g2497, 2819, nand
Name: g2494, 2816, nand
Name: g2492, 2814, nor
Name: g2828, 3150, nor
Name: g2491, 2813, xnor
Name: g2489, 2811, nand
Name: g2488, 2810, nand
Name: g2487, 2809, nor
Name: g2486, 2808, nand
Name: g2485, 2807, dff
Name: g2483, 2805, nand
Name: g2481, 2803, nand
Name: g2480, 2802, nand
Name: g2479, 2801, nand
Name: g2476, 2798, or
Name: g2472, 2794, nand
Name: g2471, 2793, nor
Name: g2470, 2792, nand
Name: g2921, 3243, nand
Name: g2468, 2790, or
Name: g2467, 2789, dff
Name: g2466, 2788, nand
Name: g2461, 2783, nand
Name: g2455, 2777, nand
Name: g2454, 2776, xnor
Name: g2451, 2773, nand
Name: g2450, 2772, nor
Name: g2449, 2771, dff
Name: g2742, 3064, nand
Name: g2448, 2770, nand
Name: g2445, 2767, nand
Name: g2444, 2766, nand
Name: g2443, 2765, nand
Name: g2442, 2764, nor
Name: g2441, 2763, or
Name: g2440, 2762, or
Name: g2439, 2761, dff
Name: g2963, 3285, dff
Name: g2433, 2755, xnor
Name: g2661, 2983, or
Name: g2431, 2753, dff
Name: g2430, 2752, dff
Name: g2429, 2751, nand
Name: g2428, 2750, nor
Name: g2426, 2748, nand
Name: g2424, 2746, nand
Name: g2422, 2744, xnor
Name: g2421, 2743, nand
Name: g2419, 2741, xnor
Name: g2418, 2740, nand
Name: g2417, 2739, nor
Name: g2415, 2737, nand
Name: g2412, 2734, or
Name: g2411, 2733, nand
Name: g2410, 2732, nand
Name: g2409, 2731, or
Name: g2405, 2727, not
Name: g2403, 2725, nand
Name: g2695, 3017, nand
Name: g2400, 2722, nor
Name: g2399, 2721, nor
Name: g2398, 2720, dff
Name: g2395, 2717, nand
Name: g2394, 2716, nand
Name: g2849, 3171, nor
Name: g2393, 2715, nand
Name: g2392, 2714, nor
Name: g2391, 2713, nand
Name: g2506, 2828, nand
Name: g2390, 2712, nand
Name: g2388, 2710, nand
Name: g2499, 2821, not
Name: g2387, 2709, nor
Name: g2384, 2706, dff
Name: g2383, 2705, nand
Name: g2382, 2704, nand
Name: g2380, 2702, nand
Name: g2379, 2701, nand
Name: g2378, 2700, nand
Name: g2377, 2699, nand
Name: g2371, 2693, nand
Name: g2368, 2690, nand
Name: g2366, 2688, xnor
Name: g2365, 2687, nor
Name: g2776, 3098, nor
Name: g2364, 2686, xor
Name: g2363, 2685, not
Name: g2361, 2683, nand
Name: g2360, 2682, xnor
Name: g2358, 2680, nor
Name: g2356, 2678, or
Name: g2355, 2677, nand
Name: g2354, 2676, nand
Name: g2352, 2674, nand
Name: g2351, 2673, nand
Name: g2350, 2672, nand
Name: g2960, 3282, nand
Name: g2349, 2671, nand
Name: g2346, 2668, nand
Name: g2699, 3021, nand
Name: g2344, 2666, nand
Name: g2343, 2665, nand
Name: g2342, 2664, dff
Name: g2339, 2661, nor
Name: g2338, 2660, nor
Name: g2337, 2659, nand
Name: g2521, 2843, nor
Name: g2336, 2658, nand
Name: g2335, 2657, nor
Name: g2334, 2656, nand
Name: g2332, 2654, nand
Name: g2331, 2653, nand
Name: g3028, 3350, or
Name: g2327, 2649, or
Name: g2326, 2648, nor
Name: g2325, 2647, nand
Name: g2324, 2646, or
Name: g2323, 2645, nand
Name: g2322, 2644, nand
Name: g2447, 2769, nand
Name: g2321, 2643, nand
Name: g2318, 2640, nand
Name: g2315, 2637, dff
Name: g2312, 2634, or
Name: g2425, 2747, xnor
Name: g2310, 2632, or
Name: g2307, 2629, dff
Name: g2304, 2626, nand
Name: g2303, 2625, nand
Name: g2299, 2621, dff
Name: g2292, 2614, nand
Name: g2555, 2877, or
Name: g2290, 2612, nand
Name: g2289, 2611, nand
Name: g2288, 2610, xnor
Name: g2971, 3293, dff
Name: g2285, 2607, nand
Name: g2284, 2606, nand
Name: g2281, 2603, nand
Name: g2795, 3117, nor
Name: g2671, 2993, nand
Name: g2279, 2601, nand
Name: g2276, 2598, nand
Name: g2275, 2597, nand
Name: g2603, 2925, not
Name: g2274, 2596, nand
Name: g2273, 2595, nand
Name: g2272, 2594, or
Name: g2271, 2593, nand
Name: g2270, 2592, nand
Name: g2495, 2817, nand
Name: g2268, 2590, nand
Name: g2747, 3069, nand
Name: g2267, 2589, nor
Name: g2266, 2588, nor
Name: g2265, 2587, or
Name: g2264, 2586, nand
Name: g2408, 2730, nand
Name: g2263, 2585, nor
Name: g2262, 2584, nand
Name: g2261, 2583, nand
Name: g2258, 2580, nand
Name: g2257, 2579, nor
Name: g2255, 2577, nand
Name: g2291, 2613, dff
Name: g2254, 2576, nand
Name: g2253, 2575, nor
Name: g2251, 2573, nor
Name: g2249, 2571, nand
Name: g2248, 2570, xor
Name: g2246, 2568, nand
Name: g2709, 3031, nand
Name: g2245, 2567, nand
Name: g2244, 2566, or
Name: g2979, 3301, nand
Name: g2243, 2565, nand
Name: g2242, 2564, or
Name: g2826, 3148, nand
Name: g2241, 2563, xor
Name: g2240, 2562, nor
Name: g2239, 2561, or
Name: g2237, 2559, nor
Name: g2234, 2556, nand
Name: g2232, 2554, nand
Name: g2230, 2552, nor
Name: g2229, 2551, nor
Name: g2228, 2550, nand
Name: g2227, 2549, nand
Name: g2225, 2547, nand
Name: g2224, 2546, nor
Name: g2219, 2541, nand
Name: g2218, 2540, nand
Name: g2217, 2539, not
Name: g2505, 2827, nand
Name: g2216, 2538, nand
Name: g2214, 2536, nand
Name: g2212, 2534, nand
Name: g2211, 2533, not
Name: g2210, 2532, nand
Name: g2209, 2531, nand
Name: g2208, 2530, nor
Name: g2205, 2527, dff
Name: g2204, 2526, nand
Name: g2201, 2523, xor
Name: g2200, 2522, or
Name: g2199, 2521, dff
Name: g2198, 2520, or
Name: g2918, 3240, nand
Name: g2527, 2849, or
Name: g2197, 2519, xnor
Name: g2196, 2518, nand
Name: g2195, 2517, or
Name: g2194, 2516, nand
Name: g2193, 2515, or
Name: g2596, 2918, nor
Name: g2190, 2512, nand
Name: g2189, 2511, nor
Name: g2898, 3220, or
Name: g2186, 2508, nand
Name: g2185, 2507, nand
Name: g2184, 2506, or
Name: g2182, 2504, nand
Name: g2181, 2503, not
Name: g2179, 2501, or
Name: g2930, 3252, nand
Name: g2176, 2498, dff
Name: g2175, 2497, nand
Name: g2173, 2495, nand
Name: g2172, 2494, nand
Name: g2171, 2493, nor
Name: g2170, 2492, nand
Name: g2168, 2490, xnor
Name: g2167, 2489, nor
Name: g2166, 2488, nand
Name: g2165, 2487, nand
Name: g2163, 2485, xnor
Name: g2160, 2482, nor
Name: g2159, 2481, not
Name: g2156, 2478, nor
Name: g2155, 2477, nand
Name: g2154, 2476, or
Name: g2153, 2475, xnor
Name: g2413, 2735, nand
Name: g2151, 2473, nand
Name: g2915, 3237, nor
Name: g2585, 2907, nand
Name: g2150, 2472, nand
Name: g2149, 2471, nand
Name: g2875, 3197, nand
Name: g2144, 2466, nand
Name: g2143, 2465, nand
Name: g2136, 2458, nand
Name: g2135, 2457, or
Name: g2133, 2455, nand
Name: g2132, 2454, nand
Name: g2131, 2453, or
Name: g2128, 2450, nand
Name: g2127, 2449, nand
Name: g2306, 2628, nand
Name: g2126, 2448, nor
Name: g2125, 2447, nor
Name: g2123, 2445, nand
Name: g2791, 3113, or
Name: g2122, 2444, nor
Name: g2434, 2756, nand
Name: g2121, 2443, nand
Name: g2120, 2442, nand
Name: g2118, 2440, nand
Name: g2633, 2955, nor
Name: g2117, 2439, nand
Name: g2116, 2438, dff
Name: g2115, 2437, or
Name: g2112, 2434, xnor
Name: g2111, 2433, or
Name: g2110, 2432, nand
Name: g3033, 3355, nand
Name: g2815, 3137, nand
Name: g2108, 2430, nand
Name: g2106, 2428, nand
Name: g2105, 2427, not
Name: g2103, 2425, nand
Name: g2102, 2424, dff
Name: g2101, 2423, dff
Name: g2100, 2422, xnor
Name: g2099, 2421, nor
Name: g2097, 2419, nand
Name: g2096, 2418, nor
Name: g2093, 2415, nor
Name: g2091, 2413, nand
Name: g2089, 2411, nor
Name: g2088, 2410, nand
Name: g2423, 2745, nand
Name: g2086, 2408, nand
Name: g2085, 2407, nand
Name: g2404, 2726, nand
Name: g2083, 2405, nand
Name: g2933, 3255, nand
Name: g2367, 2689, nand
Name: g2082, 2404, nand
Name: g2081, 2403, or
Name: g2079, 2401, nand
Name: g2078, 2400, nand
Name: g2077, 2399, dff
Name: g2076, 2398, nor
Name: g2075, 2397, nand
Name: g2072, 2394, or
Name: g2071, 2393, or
Name: g2070, 2392, nand
Name: g2976, 3298, dff
Name: g2432, 2754, or
Name: g2069, 2391, dff
Name: g2068, 2390, not
Name: g2851, 3173, nand
Name: g2066, 2388, or
Name: g2739, 3061, nand
Name: g2716, 3038, nor
Name: g2065, 2387, nand
Name: g2063, 2385, dff
Name: g2061, 2383, nand
Name: g2060, 2382, or
Name: g2059, 2381, nand
Name: g2058, 2380, dff
Name: g2057, 2379, dff
Name: g2056, 2378, not
Name: g2055, 2377, nor
Name: g2054, 2376, nand
Name: g2049, 2371, or
Name: g2389, 2711, nor
Name: g2048, 2370, dff
Name: g2046, 2368, nand
Name: g2601, 2923, nand
Name: g2043, 2365, nand
Name: g2042, 2364, nand
Name: g2041, 2363, nor
Name: g2039, 2361, nand
Name: g2038, 2360, nor
Name: g2738, 3060, or
Name: g2035, 2357, or
Name: g786, 1108, nand
Name: n2[110], 112, input
Name: g783, 1105, xnor
Name: g2948, 3270, nand
Name: g252, 574, nand
Name: g782, 1104, nand
Name: g830, 1152, nor
Name: g2465, 2787, or
Name: g780, 1102, nor
Name: g907, 1229, nor
Name: g1206, 1528, nand
Name: g1366, 1688, nor
Name: g1746, 2068, nand
Name: g2464, 2786, nor
Name: g1955, 2277, nor
Name: g778, 1100, nand
Name: n4[52], 246, output
Name: g2595, 2917, xnor
Name: n3[59], 189, output
Name: g1233, 1555, nand
Name: g2319, 2641, nand
Name: g2002, 2324, nand
Name: g776, 1098, nand
Name: g1504, 1826, or
Name: g775, 1097, nand
Name: g772, 1094, not
Name: g2790, 3112, nand
Name: g1127, 1449, nand
Name: g1669, 1991, nor
Name: g769, 1091, nand
Name: g1258, 1580, dff
Name: g764, 1086, not
Name: g2923, 3245, or
Name: g759, 1081, nor
Name: g758, 1080, or
Name: g755, 1077, nor
Name: g752, 1074, nor
Name: g475, 797, nand
Name: g744, 1066, nand
Name: g743, 1065, or
Name: g2500, 2822, nand
Name: g1978, 2300, or
Name: g740, 1062, xnor
Name: g1630, 1952, xnor
Name: g734, 1056, nand
Name: g733, 1055, not
Name: g732, 1054, or
Name: g1575, 1897, or
Name: g716, 1038, nor
Name: g710, 1032, nand
Name: g737, 1059, nor
Name: g2539, 2861, or
Name: g115, 437, or
Name: n2[97], 99, input
Name: g1613, 1935, nor
Name: g707, 1029, nand
Name: g605, 927, nand
Name: g2107, 2429, nand
Name: n5[11], 269, output
Name: g2305, 2627, nand
Name: g702, 1024, nand
Name: g2427, 2749, nand
Name: g700, 1022, xnor
Name: g2009, 2331, nand
Name: g698, 1020, nand
Name: g647, 969, nor
Name: g26, 348, xnor
Name: g1572, 1894, nor
Name: g2508, 2830, nand
Name: g692, 1014, nor
Name: g2543, 2865, xnor
Name: g689, 1011, or
Name: g2549, 2871, nor
Name: g687, 1009, nand
Name: n3[9], 139, output
Name: g1305, 1627, nand
Name: g685, 1007, not
Name: n3[41], 171, output
Name: g684, 1006, nand
Name: g892, 1214, nand
Name: g683, 1005, nand
Name: g1658, 1980, dff
Name: g194, 516, nand
Name: g2943, 3265, nor
Name: g1689, 2011, or
Name: g681, 1003, nand
Name: g2761, 3083, nand
Name: g773, 1095, nand
Name: g596, 918, nand
Name: g678, 1000, nand
Name: g24, 346, nand
Name: g677, 999, xnor
Name: g53, 375, xnor
Name: g665, 987, nand
Name: g708, 1030, nor
Name: g660, 982, nor
Name: g656, 978, nor
Name: g60, 382, nor
Name: g2836, 3158, or
Name: g1616, 1938, nand
Name: g2148, 2470, nand
Name: g652, 974, nor
Name: g1051, 1373, or
Name: g1313, 1635, nor
Name: g645, 967, nand
Name: g1601, 1923, not
Name: g1634, 1956, nand
Name: g641, 963, dff
Name: g712, 1034, nand
Name: g726, 1048, nand
Name: g637, 959, nand
Name: g1820, 2142, nand
Name: g636, 958, not
Name: g2566, 2888, nand
Name: g1034, 1356, nor
Name: g2876, 3198, dff
Name: g629, 951, or
Name: g627, 949, nand
Name: g1317, 1639, nand
Name: g858, 1180, nand
Name: n2[125], 127, input
Name: g1093, 1415, nor
Name: g624, 946, nor
Name: g1029, 1351, nand
Name: g621, 943, or
Name: g2623, 2945, xnor
Name: g746, 1068, nor
Name: g620, 942, nand
Name: g615, 937, nand
Name: g614, 936, dff
Name: g305, 627, nand
Name: g2839, 3161, or
Name: g608, 930, nand
Name: n2[45], 47, input
Name: g607, 929, nand
Name: g3005, 3327, nor
Name: g1121, 1443, nand
Name: g1557, 1879, dff
Name: g604, 926, nand
Name: n5[52], 310, output
Name: g160, 482, dff
Name: g603, 925, nor
Name: g2328, 2650, nand
Name: g1956, 2278, nand
Name: g599, 921, dff
Name: g331, 653, nand
Name: g598, 920, or
Name: g2187, 2509, nor
Name: n5[5], 263, output
Name: g597, 919, nand
Name: g294, 616, dff
Name: g2723, 3045, nand
Name: g894, 1216, not
Name: g592, 914, nand
Name: g591, 913, or
Name: g756, 1078, nand
Name: n2[55], 57, input
Name: n2[42], 44, input
Name: g2301, 2623, xor
Name: g674, 996, nand
Name: g1248, 1570, nand
Name: g583, 905, dff
Name: g657, 979, nand
Name: g2052, 2374, or
Name: g579, 901, nand
Name: g860, 1182, nor
Name: g1298, 1620, dff
Name: g1078, 1400, nand
Name: g714, 1036, xnor
Name: g2376, 2698, dff
Name: g572, 894, xnor
Name: g2114, 2436, nand
Name: g571, 893, nand
Name: g2180, 2502, nand
Name: g570, 892, not
Name: g642, 964, nand
Name: g564, 886, nor
Name: g2668, 2990, nand
Name: n3[29], 159, output
Name: g1145, 1467, dff
Name: g1392, 1714, nor
Name: g3029, 3351, not
Name: g556, 878, dff
Name: g1010, 1332, nor
Name: g551, 873, nand
Name: g232, 554, nand
Name: g630, 952, nor
Name: g548, 870, nor
Name: g2565, 2887, nor
Name: g545, 867, nand
Name: g1235, 1557, nand
Name: g390, 712, nor
Name: g631, 953, nand
Name: g542, 864, nor
Name: g1142, 1464, nand
Name: g538, 860, nand
Name: g2557, 2879, nand
Name: g2282, 2604, nand
Name: g537, 859, nand
Name: g535, 857, nand
Name: g2657, 2979, nand
Name: n2[28], 30, input
Name: g526, 848, nor
Name: g109, 431, xnor
Name: n5[61], 319, output
Name: g1862, 2184, nand
Name: g525, 847, nand
Name: g524, 846, dff
Name: g2226, 2548, not
Name: g1935, 2257, nor
Name: g521, 843, nand
Name: g1929, 2251, nand
Name: g520, 842, nand
Name: g2498, 2820, or
Name: g519, 841, or
Name: g518, 840, nor
Name: g736, 1058, dff
Name: g516, 838, nor
Name: g610, 932, nand
Name: n3[32], 162, output
Name: g510, 832, dff
Name: g1602, 1924, nand
Name: g1946, 2268, nor
Name: g509, 831, or
Name: g1821, 2143, nand
Name: g504, 826, xnor
Name: n3[26], 156, output
Name: g760, 1082, nor
Name: g319, 641, nand
Name: g569, 891, nand
Name: g2523, 2845, nor
Name: g500, 822, nor
Name: g2524, 2846, nand
Name: g1299, 1621, nor
Name: g991, 1313, nand
Name: g498, 820, nand
Name: n3[20], 150, output
Name: g1449, 1771, dff
Name: g495, 817, nand
Name: g494, 816, nand
Name: g541, 863, nand
Name: g2397, 2719, nand
Name: g2247, 2569, nor
Name: g489, 811, nand
Name: g1584, 1906, nand
Name: g486, 808, nor
Name: g644, 966, nand
Name: g1174, 1496, nor
Name: g1405, 1727, nand
Name: g482, 804, nand
Name: g203, 525, nand
Name: g918, 1240, nand
Name: g2572, 2894, or
Name: g476, 798, nor
Name: g477, 799, nand
Name: g474, 796, or
Name: g2309, 2631, nor
Name: g493, 815, dff
Name: g480, 802, or
Name: g473, 795, nand
Name: g1309, 1631, nor
Name: g466, 788, nor
Name: g62, 384, nand
Name: g1894, 2216, nand
Name: g1561, 1883, nand
Name: n2[52], 54, input
Name: n2[77], 79, input
Name: g1500, 1822, xnor
Name: g201, 523, nand
Name: g2092, 2414, nand
Name: g455, 777, nor
Name: g2922, 3244, or
Name: g454, 776, nand
Name: g453, 775, nor
Name: g461, 783, not
Name: g452, 774, nand
Name: g1497, 1819, nand
Name: g2719, 3041, or
Name: g451, 773, nand
Name: g649, 971, nand
Name: g2553, 2875, dff
Name: g448, 770, nand
Name: n5[17], 275, output
Name: g491, 813, nand
Name: g1266, 1588, dff
Name: g468, 790, nand
Name: g751, 1073, nand
Name: n3[62], 192, output
Name: g565, 887, nor
Name: g1083, 1405, nor
Name: g1168, 1490, nand
Name: g431, 753, or
Name: g190, 512, nand
Name: g430, 752, nand
Name: g425, 747, or
Name: g2809, 3131, nand
Name: g424, 746, nor
Name: g2490, 2812, nor
Name: g2139, 2461, nor
Name: g423, 745, or
Name: g1462, 1784, nand
Name: g849, 1171, or
Name: g588, 910, nand
Name: g421, 743, nand
Name: g485, 807, nand
Name: g2302, 2624, dff
Name: g147, 469, nand
Name: g2330, 2652, nor
Name: n4[36], 230, output
Name: g414, 736, nand
Name: g1519, 1841, nor
Name: g409, 731, nand
Name: g408, 730, nand
Name: g728, 1050, nor
Name: g407, 729, nor
Name: g406, 728, nand
Name: g403, 725, dff
Name: g400, 722, nor
Name: n5[27], 285, output
Name: g881, 1203, nor
Name: g397, 719, nor
Name: g1023, 1345, nor
Name: g2902, 3224, or
Name: g387, 709, nand
Name: n1, 1, input
Name: n2[60], 62, input
Name: g1192, 1514, nand
Name: g386, 708, nand
Name: g578, 900, or
Name: g419, 741, or
Name: g262, 584, nand
Name: g2831, 3153, nand
Name: g120, 442, nor
Name: g1992, 2314, nor
Name: g2568, 2890, nand
Name: g385, 707, nand
Name: g384, 706, nand
Name: g1059, 1381, nand
Name: g633, 955, or
Name: g399, 721, dff
Name: g381, 703, nor
Name: g1080, 1402, dff
Name: n5[1], 259, output
Name: g375, 697, nor
Name: g374, 696, nor
Name: g433, 755, nor
Name: g922, 1244, or
Name: g1466, 1788, nand
Name: g2353, 2675, or
Name: g372, 694, nand
Name: g2868, 3190, nor
Name: g2124, 2446, nand
Name: g1216, 1538, nand
Name: g368, 690, dff
Name: g1779, 2101, nand
Name: g363, 685, or
Name: g2901, 3223, nand
Name: g52, 374, nor
Name: g361, 683, not
Name: n3[6], 136, output
Name: g2192, 2514, or
Name: g2130, 2452, or
Name: g1445, 1767, not
Name: g2576, 2898, xnor
Name: g350, 672, nand
Name: g679, 1001, nor
Name: g348, 670, nand
Name: g2507, 2829, nand
Name: g153, 475, nor
Name: g345, 667, nand
Name: g1164, 1486, nand
Name: g330, 652, nand
Name: g2540, 2862, xnor
Name: g329, 651, nand
Name: g729, 1051, or
Name: g88, 410, nor
Name: g2164, 2486, nor
Name: g659, 981, dff
Name: g328, 650, nor
Name: n2[89], 91, input
Name: g1973, 2295, nand
Name: g325, 647, nor
Name: n3[53], 183, output
Name: g360, 682, not
Name: g322, 644, nor
Name: g784, 1106, nand
Name: g1052, 1374, xnor
Name: g440, 762, nand
Name: g2634, 2956, nand
Name: g1247, 1569, nand
Name: g2613, 2935, nand
Name: g321, 643, nand
Name: g318, 640, nand
Name: g351, 673, nand
Name: g317, 639, xnor
Name: g1045, 1367, nand
Name: g1278, 1600, or
Name: g309, 631, nand
Name: g1579, 1901, nor
Name: g523, 845, dff
Name: g78, 400, nand
Name: g1517, 1839, nand
Name: g1615, 1937, nor
Name: g2238, 2560, nor
Name: g1727, 2049, nand
Name: g2624, 2946, dff
Name: g706, 1028, or
Name: g785, 1107, not
Name: g1711, 2033, nand
Name: g306, 628, nor
Name: g2652, 2974, nor
Name: g696, 1018, nand
Name: g303, 625, nor
Name: g302, 624, nand
Name: g301, 623, nand
Name: g298, 620, nand
Name: g1382, 1704, or
Name: g51, 373, nand
Name: g295, 617, or
Name: n4[50], 244, output
Name: g1262, 1584, nor
Name: g288, 610, nand
Name: g530, 852, nand
Name: g2615, 2937, nand
Name: g2386, 2708, or
Name: g286, 608, nand
Name: g279, 601, xnor
Name: g2581, 2903, nand
Name: g354, 676, nand
Name: g326, 648, nand
Name: g1535, 1857, nand
Name: g1109, 1431, nand
Name: g632, 954, nor
Name: g280, 602, nor
Name: g289, 611, nand
Name: g697, 1019, nand
Name: n5[4], 262, output
Name: g1477, 1799, nor
Name: n4[28], 222, output
Name: g277, 599, nand
Name: g276, 598, or
Name: g2207, 2529, nand
Name: g274, 596, nand
Name: g2087, 2409, nand
Name: g267, 589, nor
Name: g266, 588, not
Name: g1975, 2297, xnor
Name: n3[58], 188, output
Name: g265, 587, nand
Name: g346, 668, nor
Name: g264, 586, not
Name: g2895, 3217, nand
Name: n5[23], 281, output
Name: g101, 423, nand
Name: g1068, 1390, nor
Name: g258, 580, nand
Name: g655, 977, nand
Name: g1729, 2051, nand
Name: g257, 579, nor
Name: g553, 875, nand
Name: g341, 663, nand
Name: g1828, 2150, nand
Name: g254, 576, nand
Name: g1395, 1717, nand
Name: g412, 734, nor
Name: g1532, 1854, nand
Name: g1604, 1926, or
Name: g253, 575, nand
Name: n2[83], 85, input
Name: g1629, 1951, nand
Name: g606, 928, nand
Name: g248, 570, xnor
Name: g1869, 2191, or
Name: g983, 1305, nor
Name: g2320, 2642, nor
Name: g694, 1016, nand
Name: g2233, 2555, nand
Name: n4[31], 225, output
Name: g247, 569, nor
Name: g2632, 2954, nand
Name: g246, 568, or
Name: g1375, 1697, nand
Name: g713, 1035, or
Name: g119, 441, nor
Name: n3[23], 153, output
Name: g243, 565, nand
Name: g1546, 1868, nand
Name: g2725, 3047, nor
Name: g291, 613, not
Name: g241, 563, or
Name: g237, 559, nand
Name: g282, 604, nand
Name: g2045, 2367, nand
Name: g236, 558, nor
Name: g343, 665, nand
Name: g906, 1228, xor
Name: g235, 557, nand
Name: g748, 1070, nand
Name: g233, 555, nand
Name: g2287, 2609, nand
Name: g229, 551, nor
Name: g584, 906, dff
Name: g1231, 1553, nand
Name: g1871, 2193, dff
Name: g1920, 2242, dff
Name: g226, 548, nor
Name: g745, 1067, nor
Name: g1964, 2286, nor
Name: g223, 545, nor
Name: g221, 543, nand
Name: g1980, 2302, nor
Name: g749, 1071, or
Name: g1256, 1578, nand
Name: g671, 993, nor
Name: g389, 711, or
Name: g1672, 1994, nand
Name: g1097, 1419, nor
Name: g307, 629, xnor
Name: g1281, 1603, nand
Name: g658, 980, nor
Name: g835, 1157, or
Name: g2610, 2932, or
Name: g1922, 2244, nand
Name: n4[55], 249, output
Name: g558, 880, xnor
Name: g2680, 3002, nand
Name: g1364, 1686, nor
Name: g1027, 1349, nand
Name: g616, 938, xnor
Name: g1939, 2261, nand
Name: g37, 359, nand
Name: g463, 785, nand
Name: g163, 485, nand
Name: n3[28], 158, output
Name: g2074, 2396, nor
Name: g65, 387, nand
Name: g919, 1241, nand
Name: n4[43], 237, output
Name: g2927, 3249, nand
Name: g595, 917, nand
Name: g74, 396, or
Name: n5[14], 272, output
Name: g35, 357, nor
Name: g2420, 2742, not
Name: g210, 532, nand
Name: g1427, 1749, nor
Name: g2660, 2982, nand
Name: n4[38], 232, output
Name: g470, 792, nand
Name: n2[120], 122, input
Name: g792, 1114, nor
Name: g1406, 1728, nand
Name: g2369, 2691, xnor
Name: g724, 1046, nand
Name: g540, 862, xnor
Name: g2789, 3111, xor
Name: g297, 619, nor
Name: g1110, 1432, nand
Name: n5[62], 320, output
Name: g1219, 1541, nand
Name: g323, 645, nor
Name: g1533, 1855, xnor
Name: n4[22], 216, output
Name: n5[3], 261, output
Name: g735, 1057, xnor
Name: g1184, 1506, nand
Name: g296, 618, nor
Name: g1221, 1543, or
Name: g1717, 2039, nand
Name: g2547, 2869, nand
Name: g1737, 2059, nor
Name: g1751, 2073, nand
Name: g2080, 2402, nor
Name: g168, 490, or
Name: g121, 443, nand
Name: g554, 876, nor
Name: g1423, 1745, or
Name: g719, 1041, nor
Name: g2867, 3189, nand
Name: n4[12], 206, output
Name: g1576, 1898, nor
Name: g49, 371, nand
Name: n4[7], 201, output
Name: n5[29], 287, output
Name: g528, 850, nand
Name: n4[2], 196, output
Name: g1569, 1891, or
Name: n3[52], 182, output
Name: g765, 1087, nand
Name: g1225, 1547, nand
Name: n4[21], 215, output
Name: g112, 434, nand
Name: g884, 1206, nand
Name: g506, 828, dff
Name: g447, 769, nand
Name: n2[126], 128, input
Name: g1400, 1722, nand
Name: g479, 801, nand
Name: g398, 720, nand
Name: g1536, 1858, nor
Name: g2630, 2952, nor
Name: g590, 912, nand
Name: n2[41], 43, input
Name: g667, 989, not
Name: n4[14], 208, output
Name: g2638, 2960, nor
Name: n3[49], 179, output
Name: g450, 772, xor
Name: g263, 585, nand
Name: g373, 695, nor
Name: g183, 505, nand
Name: g2094, 2416, nand
Name: n5[37], 295, output
Name: g484, 806, nand
Name: g48, 370, nand
Name: g172, 494, nand
Name: g682, 1004, nand
Name: g359, 681, nand
Name: g2904, 3226, nand
Name: n4[46], 240, output
Name: g1213, 1535, or
Name: g2308, 2630, nand
Name: g917, 1239, nand
Name: g1228, 1550, or
Name: g1481, 1803, nand
Name: n2[32], 34, input
Name: g1458, 1780, nor
Name: g9, 331, nor
Name: g555, 877, nand
Name: g967, 1289, nand
Name: g1942, 2264, or
Name: g2256, 2578, dff
Name: n4[56], 250, output
Name: g915, 1237, nand
Name: g1328, 1650, nand
Name: g747, 1069, nand
Name: g818, 1140, nor
Name: n3[40], 170, output
Name: n5[9], 267, output
Name: g240, 562, nand
Name: n3[39], 169, output
Name: n2[33], 35, input
Name: n3[48], 178, output
Name: n2[8], 10, input
Name: g68, 390, or
Name: g626, 948, nand
Name: n3[35], 165, output
Name: g1703, 2025, dff
Name: n3[57], 187, output
Name: g275, 597, not
Name: n5[53], 311, output
Name: g1673, 1995, nand
Name: g2514, 2836, nand
Name: n3[33], 163, output
Name: g2259, 2581, or
Name: g3, 325, nand
Name: g2300, 2622, nor
Name: g1373, 1695, nor
Name: g1092, 1414, or
Name: g717, 1039, nand
Name: g1324, 1646, or
Name: g2656, 2978, nand
Name: g891, 1213, nand
Name: g136, 458, dff
Name: g546, 868, nor
Name: g1030, 1352, xor
Name: g2674, 2996, nor
Name: g654, 976, nor
Name: n4[48], 242, output
Name: g675, 997, dff
Name: g89, 411, nand
Name: g673, 995, nand
Name: g514, 836, or
Name: n2[70], 72, input
Name: n3[25], 155, output
Name: n3[22], 152, output
Name: g2582, 2904, nor
Name: g2559, 2881, xor
Name: g2396, 2718, nand
Name: n5[38], 296, output
Name: g754, 1076, nand
Name: g90, 412, nand
Name: g2458, 2780, dff
Name: g1534, 1856, or
Name: g1015, 1337, nand
Name: g396, 718, nor
Name: g1478, 1800, nand
Name: g2109, 2431, dff
Name: n3[21], 151, output
Name: g347, 669, nand
Name: g1526, 1848, nand
Name: g300, 622, not
Name: g589, 911, nor
Name: g426, 748, nand
Name: g910, 1232, or
Name: g1205, 1527, dff
Name: g416, 738, nand
Name: g87, 409, or
Name: g688, 1010, nor
Name: g562, 884, or
Name: n5[35], 293, output
Name: n2[69], 71, input
Name: g171, 493, nand
Name: n3[10], 140, output
Name: g1898, 2220, nand
Name: g2064, 2386, xnor
Name: g672, 994, xnor
Name: g122, 444, or
Name: g86, 408, nor
Name: g763, 1085, nand
Name: g405, 727, nor
Name: g2833, 3155, xnor
Name: g950, 1272, nand
Name: n4[30], 224, output
Name: g2012, 2334, not
Name: g1722, 2044, xnor
Name: g1728, 2050, or
Name: g2019, 2341, dff
Name: n2[4], 6, input
Name: g559, 881, or
Name: g701, 1023, nand
Name: g72, 394, nand
Name: g103, 425, nor
Name: g1099, 1421, nand
Name: g1963, 2285, or
Name: n4[62], 256, output
Name: n2[91], 93, input
Name: g1011, 1333, nand
Name: g2283, 2605, nand
Name: g260, 582, nand
Name: n3[1], 131, output
Name: g965, 1287, dff
Name: g1069, 1391, nor
Name: g2001, 2323, dff
Name: n5[51], 309, output
Name: g490, 812, nand
Name: g83, 405, nand
Name: n2[24], 26, input
Name: g192, 514, nor
Name: g2140, 2462, nand
Name: g1621, 1943, nor
Name: g2316, 2638, nand
Name: n4[37], 231, output
Name: g1778, 2100, nand
Name: n2[62], 64, input
Name: g268, 590, nand
Name: g1404, 1726, nor
Name: n3[15], 145, output
Name: g1039, 1361, dff
Name: g666, 988, nor
Name: g1125, 1447, nor
Name: g395, 717, nor
Name: g939, 1261, dff
Name: g1684, 2006, nand
Name: g96, 418, dff
Name: n2[51], 53, input
Name: n2[56], 58, input
Name: g327, 649, nor
Name: n5[12], 270, output
Name: g56, 378, nor
Name: n4[16], 210, output
Name: n5[43], 301, output
Name: n2[22], 24, input
Name: n4[15], 209, output
Name: g2414, 2736, nand
Name: g114, 436, nand
Name: g2317, 2639, or
Name: g2026, 2348, nand
Name: g669, 991, or
Name: g2222, 2544, nand
Name: g1461, 1783, xnor
Name: g2604, 2926, dff
Name: g635, 957, nor
Name: g928, 1250, or
Name: g2475, 2797, nand
Name: n2[29], 31, input
Name: n4[35], 229, output
Name: g1414, 1736, nand
Name: g107, 429, or
Name: n2[48], 50, input
Name: g2469, 2791, or
Name: g612, 934, dff
Name: g132, 454, dff
Name: g899, 1221, nand
Name: g2865, 3187, nand
Name: n2[46], 48, input
Name: n2[9], 11, input
Name: g686, 1008, xnor
Name: g1181, 1503, nand
Name: g1209, 1531, dff
Name: n2[39], 41, input
Name: g648, 970, nor
Name: g861, 1183, nand
Name: g422, 744, nand
Name: g1419, 1741, dff
Name: g2736, 3058, nand
Name: g513, 835, nand
Name: g575, 897, or
Name: n4[25], 219, output
Name: g1741, 2063, or
Name: n2[73], 75, input
Name: g1505, 1827, not
Name: n3[63], 193, output
Name: g836, 1158, dff
Name: g2474, 2796, nand
Name: g392, 714, nand
Name: g117, 439, dff
Name: g2796, 3118, nand
Name: n2[30], 32, input
Name: n2[99], 101, input
Name: n3[11], 141, output
Name: n2[88], 90, input
Name: g310, 632, not
Name: g1112, 1434, dff
Name: g527, 849, nand
Name: n4[27], 221, output
Name: g1716, 2038, nand
Name: g66, 388, xor
Name: g1038, 1360, nor
Name: g2008, 2330, xor
Name: g195, 517, nand
Name: n2[21], 23, input
Name: g376, 698, nand
Name: n4[4], 198, output
Name: g182, 504, nand
Name: n5[15], 273, output
Name: g1376, 1698, dff
Name: n3[47], 177, output
Name: g499, 821, nor
Name: n2[38], 40, input
Name: g30, 352, nor
Name: g1240, 1562, or
Name: n2[40], 42, input
Name: g1987, 2309, dff
Name: n2[87], 89, input
Name: g255, 577, nand
Name: g611, 933, nand
Name: g22, 344, nor
Name: g1020, 1342, dff
Name: g534, 856, nand
Name: n4[20], 214, output
Name: n4[17], 211, output
Name: n4[49], 243, output
Name: g73, 395, or
Name: g314, 636, or
Name: g1283, 1605, xnor
Name: g880, 1202, nand
Name: n2[1], 3, input
Name: g2711, 3033, nand
Name: g730, 1052, nand
Name: g2640, 2962, nor
Name: n5[7], 265, output
Name: g1609, 1931, dff
Name: g2113, 2435, nand
Name: g227, 549, not
Name: n2[122], 124, input
Name: g511, 833, nand
Name: g2611, 2933, nand
Name: g1441, 1763, nor
Name: g152, 474, or
Name: g1887, 2209, or
Name: g1506, 1828, or
Name: g2590, 2912, nand
Name: g900, 1222, xor
Name: g137, 459, xnor
Name: g1608, 1930, nand
Name: g2560, 2882, nand
Name: g1715, 2037, xnor
Name: g622, 944, nor
Name: g1060, 1382, nand
Name: g2314, 2636, nand
Name: g1253, 1575, nand
Name: n3[17], 147, output
Name: g2141, 2463, or
Name: g913, 1235, nand
Name: g1047, 1369, nor
Name: g2691, 3013, nand
Name: n4[57], 251, output
Name: n3[3], 133, output
Name: g1140, 1462, or
Name: n2[59], 61, input
Name: g2347, 2669, nand
Name: g106, 428, nand
Name: n2[71], 73, input
Name: g774, 1096, nand
Name: g71, 393, nand
Name: g1864, 2186, nor
Name: n4[34], 228, output
Name: g206, 528, nand
Name: g213, 535, nand
Name: n2[12], 14, input
Name: g1239, 1561, nand
Name: n0, 0, input
Name: g718, 1040, nand
Name: g365, 687, xor
Name: n2[53], 55, input
Name: g1138, 1460, dff
Name: g1627, 1949, nand
Name: g3024, 3346, nor
Name: g1654, 1976, dff
Name: g2740, 3062, nand
Name: n2[18], 20, input
Name: g586, 908, nand
Name: g382, 704, nand
Name: g1394, 1716, nand
Name: g462, 784, or
Name: g1590, 1912, xnor
Name: g2588, 2910, nand
Name: n2[16], 18, input
Name: g465, 787, nand
Name: g574, 896, not
Name: g1100, 1422, xnor
Name: g1830, 2152, nand
Name: n2[113], 115, input
Name: n2[78], 80, input
Name: g1797, 2119, nand
Name: n4[8], 202, output
Name: g2958, 3280, dff
Name: g505, 827, nand
Name: g838, 1160, nand
Name: g2512, 2834, not
Name: g846, 1168, nor
Name: g898, 1220, or
Name: g497, 819, not
Name: g777, 1099, dff
Name: n3[2], 132, output
Name: g98, 420, nor
Name: g1090, 1412, nand
Name: g54, 376, nand
Name: n3[8], 138, output
Name: n4[5], 199, output
Name: n2[102], 104, input
Name: g239, 561, nand
Name: n5[33], 291, output
Name: g1886, 2208, or
Name: g711, 1033, dff
Name: n2[17], 19, input
Name: g2677, 2999, dff
Name: g1286, 1608, nand
Name: g449, 771, xor
Name: n3[56], 186, output
Name: n3[51], 181, output
Name: n2[81], 83, input
Name: n5[55], 313, output
Name: g10, 332, nand
Name: n3[27], 157, output
Name: g2286, 2608, nor
Name: g1586, 1908, nor
Name: g16, 338, xnor
Name: g1460, 1782, nand
Name: g144, 466, or
Name: n2[115], 117, input
Name: g1528, 1850, nor
Name: g639, 961, nor
Name: g1336, 1658, nand
Name: n2[20], 22, input
Name: g2370, 2692, nand
Name: g690, 1012, nand
Name: g401, 723, nor
Name: n2[72], 74, input
Name: g1674, 1996, nand
Name: g1211, 1533, nand
Name: n5[10], 268, output
Name: g1692, 2014, nand
Name: g557, 879, nand
Name: g1947, 2269, nand
Name: g2005, 2327, nand
Name: n2[5], 7, input
Name: g39, 361, not
Name: g1916, 2238, nand
Name: g1343, 1665, nand
Name: g2936, 3258, xnor
Name: g369, 691, nand
Name: n3[42], 172, output
Name: g1006, 1328, or
Name: g2570, 2892, nand
Name: g32, 354, or
Name: n3[46], 176, output
Name: g908, 1230, nor
Name: n2[37], 39, input
Name: n2[58], 60, input
Name: g1041, 1363, nand
Name: n3[61], 191, output
Name: n2[63], 65, input
Name: g2373, 2695, nand
Name: g75, 397, nor
Name: n2[44], 46, input
Name: g532, 854, nand
Name: g1803, 2125, nand
Name: g167, 489, nand
Name: n2[100], 102, input
Name: n4[44], 238, output
Name: g367, 689, nor
Name: g1857, 2179, dff
Name: g1932, 2254, nor
Name: g3020, 3342, nand
Name: n5[56], 314, output
Name: g1643, 1965, nor
Name: g150, 472, or
Name: n3[34], 164, output
Name: g3007, 3329, xnor
Name: g1687, 2009, not
Name: g653, 975, nand
Name: g1738, 2060, nand
Name: g650, 972, xnor
Name: g2294, 2616, nor
Name: n4[32], 226, output
Name: g1, 323, xnor
Name: g370, 692, nand
Name: g2703, 3025, nor
Name: n2[106], 108, input
Name: n2[64], 66, input
Name: n2[121], 123, input
Name: g393, 715, nor
Name: g741, 1063, xnor
Name: n2[65], 67, input
Name: g460, 782, nand
Name: g58, 380, nand
Name: g1941, 2263, xnor
Name: g503, 825, dff
Name: g550, 872, or
Name: n5[6], 264, output
Name: g6, 328, nand
Name: g3032, 3354, nand
Name: g2751, 3073, or
Name: g437, 759, dff
Name: g811, 1133, xnor
Name: g1001, 1323, nand
Name: n2[76], 78, input
Name: n5[18], 276, output
Name: g601, 923, or
Name: g676, 998, nand
Name: g165, 487, nand
Name: g1496, 1818, nor
Name: g124, 446, nand
Name: g625, 947, xnor
Name: n2[68], 70, input
Name: g456, 778, dff
Name: g2277, 2599, or
Name: n2[75], 77, input
Name: g159, 481, xor
Name: g628, 950, xor
Name: n2[57], 59, input
Name: g1817, 2139, nand
Name: g251, 573, dff
Name: n4[60], 254, output
Name: g1626, 1948, nand
Name: g496, 818, nor
Name: g2031, 2353, nand
Name: g356, 678, nand
Name: g1822, 2144, nand
Name: g2073, 2395, dff
Name: n2[79], 81, input
Name: g31, 353, nor
Name: g753, 1075, nand
Name: g415, 737, xnor
Name: n2[11], 13, input
Name: g2146, 2468, nand
Name: g567, 889, dff
Name: n4[58], 252, output
Name: n2[47], 49, input
Name: g1338, 1660, nand
Name: g220, 542, nand
Name: n2[82], 84, input
Name: g67, 389, nand
Name: g214, 536, nand
Name: n3[12], 142, output
Name: g969, 1291, nand
Name: g813, 1135, nand
Name: g2825, 3147, nand
Name: g1655, 1977, or
Name: g97, 419, nand
Name: g1694, 2016, nor
Name: n2[93], 95, input
Name: g2437, 2759, nor
Name: g483, 805, or
Name: g2295, 2617, nand
Name: g1391, 1713, nand
Name: g1227, 1549, xor
Name: g1108, 1430, nand
Name: g1908, 2230, nor
Name: g446, 768, not
Name: g378, 700, nand
Name: n4[1], 195, output
Name: n4[19], 213, output
Name: n4[6], 200, output
Name: g1650, 1972, nand
Name: g1541, 1863, nand
Name: g435, 757, nand
Name: g1989, 2311, nor
Name: g1063, 1385, nand
Name: n5[41], 299, output
Name: n4[11], 205, output
Name: g471, 793, nor
Name: g428, 750, nand
Name: n4[10], 204, output
Name: g668, 990, nand
Name: g634, 956, nor
Name: g768, 1090, or
Name: g185, 507, not
Name: g1928, 2250, nand
Name: n2[61], 63, input
Name: g402, 724, nand
Name: n3[18], 148, output
Name: g1538, 1860, nand
Name: g2961, 3283, nand
Name: g2928, 3250, dff
Name: g602, 924, nand
Name: g7, 329, nand
Name: n5[8], 266, output
Name: g1725, 2047, nand
Name: g691, 1013, nor
Name: g1490, 1812, nand
Name: g1808, 2130, nand
Name: g770, 1092, nand
Name: g2526, 2848, nand
Name: g1407, 1729, nand
Name: g715, 1037, nand
Name: g1686, 2008, nand
Name: n3[30], 160, output
Name: g63, 385, nor
Name: g21, 343, or
Name: g1736, 2058, nand
Name: g25, 347, xnor
Name: g2016, 2338, xor
Name: g8, 330, xor
Name: g829, 1151, nand
Name: g394, 716, buf
Name: g1656, 1978, nand
Name: g366, 688, nand
Name: g2028, 2350, nand
Name: g2853, 3175, nor
Name: g594, 916, nand
Name: g33, 355, nor
Name: g866, 1188, nand
Name: g1699, 2021, not
Name: n4[40], 234, output
Name: n5[49], 307, output
Name: n2[74], 76, input
Name: g1365, 1687, nor
Name: g1666, 1988, nand
Name: g742, 1064, nand
Name: g2174, 2496, nand
Name: n3[38], 168, output
Name: g663, 985, dff
Name: n2[95], 97, input
Name: n5[47], 305, output
Name: n2[96], 98, input
Name: n5[58], 316, output
Name: g1378, 1700, or
Name: g1522, 1844, nand
Name: n2[98], 100, input
Name: g18, 340, nand
Name: g848, 1170, nand
Name: g1661, 1983, nand
Name: g342, 664, nand
Name: n4[51], 245, output
Name: g2884, 3206, nand
Name: n2[80], 82, input
Name: n4[13], 207, output
Name: g488, 810, nand
Name: g1464, 1786, nor
Name: n2[101], 103, input
Name: g974, 1296, or
Name: g417, 739, nand
Name: n2[108], 110, input
Name: g379, 701, or
Name: g271, 593, dff
Name: n5[19], 277, output
Name: g2138, 2460, or
Name: g1187, 1509, dff
Name: g173, 495, xnor
Name: g337, 659, nor
Name: g344, 666, nand
Name: g2202, 2524, nor
Name: g259, 581, nand
Name: n2[109], 111, input
Name: g142, 464, nand
Name: g2084, 2406, nand
Name: g1813, 2135, nand
Name: n2[111], 113, input
Name: g2730, 3052, nand
Name: g116, 438, xnor
Name: g2280, 2602, nor
Name: g1474, 1796, dff
Name: g427, 749, nand
Name: n4[29], 223, output
Name: n3[14], 144, output
Name: n2[116], 118, input
Name: g340, 662, nand
Name: n4[61], 255, output
Name: n2[114], 116, input
Name: n2[25], 27, input
Name: g1132, 1454, or
Name: g1744, 2066, or
Name: n5[2], 260, output
Name: g1749, 2071, nand
Name: g502, 824, nor
Name: g2956, 3278, nand
Name: g1810, 2132, dff
Name: g720, 1042, or
Name: g2919, 3241, nand
Name: n2[85], 87, input
Name: g1720, 2042, nor
Name: g444, 766, nand
Name: n2[124], 126, input
Name: g1085, 1407, nand
Name: n2[86], 88, input
Name: g388, 710, nor
Name: n5[22], 280, output
Name: g1619, 1941, or
Name: g418, 740, dff
Name: n2[94], 96, input
Name: g93, 415, nand
Name: g1456, 1778, not
Name: g57, 379, nor
Name: n5[24], 282, output
Name: g803, 1125, nor
Name: g174, 496, nand
Name: g2847, 3169, dff
Name: g410, 732, nand
Name: g1284, 1606, nand
Name: g1503, 1825, nand
Name: g750, 1072, nand
Name: g2034, 2356, nand
Name: g209, 531, nand
Name: g339, 661, nand
Name: g1316, 1638, nand
Name: g1276, 1598, or
Name: g623, 945, xnor
Name: n2[13], 15, input
Name: n5[25], 283, output
Name: g2203, 2525, xor
Name: g383, 705, or
Name: n5[26], 284, output
Name: g2252, 2574, nor
Name: n2[103], 105, input
Name: g218, 540, or
Name: g2626, 2948, or
Name: g169, 491, nor
Name: g81, 403, not
Name: g2997, 3319, or
Name: g2051, 2373, nor
Name: g293, 615, nand
Name: g1489, 1811, or
Name: g1408, 1730, nand
Name: n5[28], 286, output
Name: g1271, 1593, nand
Name: g391, 713, nand
Name: g2250, 2572, nand
Name: g100, 422, nand
Name: g1520, 1842, or
Name: g1040, 1362, or
Name: g914, 1236, nand
Name: n5[34], 292, output
Name: g249, 571, nor
Name: n2[127], 129, input
Name: n5[42], 300, output
Name: g3022, 3344, dff
Name: g512, 834, dff
Name: g481, 803, nand
Name: n5[40], 298, output
Name: g1567, 1889, or
Name: g1678, 2000, nand
Name: g364, 686, nand
Name: g1396, 1718, nand
Name: n3[50], 180, output
Name: g272, 594, xnor
Name: g2617, 2939, nand
Name: g703, 1025, nand
Name: g1704, 2026, nand
Name: n5[48], 306, output
Name: g887, 1209, or
Name: g313, 635, or
Name: g2635, 2957, nand
Name: n2[92], 94, input
Name: g156, 478, nor
Name: n5[50], 308, output
Name: g1252, 1574, dff
Name: g897, 1219, nand
Name: g1465, 1787, or
Name: g1854, 2176, or
Name: n5[54], 312, output
Name: n4[59], 253, output
Name: g2913, 3235, nor
Name: g1115, 1437, nand
Name: g1244, 1566, nor
Name: g131, 453, nand
Name: g867, 1189, nand
Name: g2345, 2667, nor
Name: g181, 503, nand
Name: g228, 550, nand
Name: g820, 1142, or
Name: n4[23], 217, output
Name: g216, 538, xnor
Name: n2[50], 52, input
Name: g998, 1320, nand
Name: g1089, 1411, nand
Name: g2628, 2950, nor
Name: g2311, 2633, nor
Name: g76, 398, nand
Name: g2215, 2537, dff
Name: g1133, 1455, nand
Name: g215, 537, nor
Name: g1362, 1684, nand
Name: g2024, 2346, nand
Name: g1037, 1359, or
Name: g593, 915, nor
Name: g840, 1162, xnor
Name: g0, 322, nand
Name: g831, 1153, nor
Name: g284, 606, nand
Name: g536, 858, xnor
Name: g2765, 3087, nor
Name: g2642, 2964, nand
Name: g585, 907, nor
Name: g92, 414, or
Name: n5[57], 315, output
Name: g876, 1198, nand
Name: g839, 1161, xnor
Name: g1484, 1806, or
Name: g2278, 2600, nand
Name: g2010, 2332, nand
Name: n5[63], 321, output
Name: g576, 898, nand
Name: g166, 488, nand
Name: g44, 366, nand
Name: g2188, 2510, xnor
Name: g1195, 1517, nand
Name: g380, 702, nand
Name: g104, 426, nand
Name: g1861, 2183, nand
Name: g1531, 1853, xnor
Name: g4, 326, nand
Name: g1668, 1990, nand
Name: g436, 758, nand
Name: n3[55], 185, output
Name: n3[37], 167, output
Name: g1119, 1441, nand
Name: g2910, 3232, nand
Name: g231, 553, nor
Name: g1229, 1551, nand
Name: g1552, 1874, nand
Name: g1966, 2288, nand
Name: g2755, 3077, dff
Name: g2027, 2349, or
Name: g148, 470, or
Name: g2341, 2663, or
Name: g420, 742, nand
Name: g199, 521, nor
Name: g821, 1143, nand
Name: g2137, 2459, nor
Name: g582, 904, nand
Name: g11, 333, nor
Name: g308, 630, nand
Name: g442, 764, nor
Name: g1304, 1626, xor
Name: g1071, 1393, nor
Name: g1893, 2215, or
Name: g798, 1120, not
Name: g59, 381, nand
Name: g141, 463, nand
Name: g197, 519, dff
Name: g14, 336, nand
Name: g2375, 2697, nand
Name: g15, 337, nand
Name: g1296, 1618, nand
Name: g566, 888, nor
Name: g651, 973, xnor
Name: g1556, 1878, nor
Name: g19, 341, nand
Name: g1438, 1760, dff
Name: g662, 984, nand
Name: g814, 1136, nand
Name: g980, 1302, nand
Name: n4[53], 247, output
Name: g20, 342, nand
Name: g646, 968, nand
Name: n2[84], 86, input
Name: g487, 809, nand
Name: g332, 654, or
Name: n4[33], 227, output
Name: g933, 1255, nand
Name: g29, 351, nor
Name: g1315, 1637, nand
Name: g1777, 2099, nand
Name: g34, 356, or
Name: g5, 327, nand
Name: g352, 674, dff
Name: g36, 358, nand
Name: g1173, 1495, or
Name: n5[16], 274, output
Name: g1260, 1582, dff
Name: n2[3], 5, input
Name: g1979, 2301, nand
Name: g2903, 3225, nand
Name: g2530, 2852, nor
Name: g316, 638, or
Name: g2522, 2844, nand
Name: g38, 360, nand
Name: g41, 363, nand
Name: g2457, 2779, or
Name: g42, 364, nand
Name: g1961, 2283, or
Name: n2[119], 121, input
Name: n4[45], 239, output
Name: g46, 368, nand
Name: g2819, 3141, nor
Name: g2260, 2582, nor
Name: g920, 1242, nand
Name: g727, 1049, xnor
Name: g705, 1027, or
Name: n2[117], 119, input
Name: g204, 526, xnor
Name: g522, 844, nand
Name: g129, 451, nor
Name: g55, 377, nand
Name: g2134, 2456, nand
Name: g1513, 1835, or
Name: n5[44], 302, output
Name: g371, 693, nand
Name: g242, 564, nor
Name: n2[104], 106, input
Name: g61, 383, nand
Name: g64, 386, or
Name: g432, 754, nor
Name: n2[6], 8, input
Name: g851, 1173, nand
Name: g205, 527, xnor
Name: g69, 391, nand
Name: g180, 502, nand
Name: g1134, 1456, dff
Name: n2[27], 29, input
Name: g198, 520, nor
Name: g175, 497, nand
Name: g1088, 1410, nand
Name: g515, 837, nand
Name: g77, 399, nand
Name: g529, 851, nand
Name: g429, 751, dff
Name: g164, 486, nor
Name: n2[10], 12, input
Name: g1451, 1773, nand
Name: g79, 401, xnor
Name: g113, 435, nand
Name: g842, 1164, nand
Name: g84, 406, dff
Name: g1767, 2089, nand
Name: g955, 1277, nand
Name: n2[34], 36, input
Name: g1021, 1343, nand
Name: g2297, 2619, nor
Name: g1028, 1350, nor
Name: g85, 407, nand
Name: g971, 1293, nor
Name: g1925, 2247, or
Name: n3[54], 184, output
Name: g91, 413, nand
Name: g549, 871, nand
Name: n2[15], 17, input
Name: g94, 416, nor
Name: g508, 830, nand
Name: n4[26], 220, output
Name: g1241, 1563, not
Name: g95, 417, nor
Name: g1542, 1864, nor
Name: g157, 479, or
Name: g670, 992, dff
Name: n2[31], 33, input
Name: g1599, 1921, nor
Name: g312, 634, or
Name: g2436, 2758, or
Name: g1399, 1721, nor
Name: g27, 349, nand
Name: g105, 427, nand
Name: g1571, 1893, xnor
Name: n2[49], 51, input
Name: g110, 432, nand
Name: g1311, 1633, nand
Name: g111, 433, nand
Name: g1347, 1669, xnor
Name: g70, 392, nand
Name: g1516, 1838, nor
Name: g2145, 2467, nand
Name: g507, 829, or
Name: g865, 1187, dff
Name: g3027, 3349, nor
Name: g118, 440, nand
Name: g355, 677, nand
Name: n5[31], 289, output
Name: n5[21], 279, output
Name: g1523, 1845, nor
Name: g882, 1204, nand
Name: g335, 657, or
Name: g123, 445, nand
Name: g2037, 2359, dff
Name: g1900, 2222, nor
Name: n3[31], 161, output
Name: g125, 447, nand
Name: g126, 448, nand
Name: g362, 684, nor
Name: g2407, 2729, nand
Name: g2357, 2679, or
Name: g1924, 2246, nand
Name: g1950, 2272, or
Name: g311, 633, dff
Name: n3[4], 134, output
Name: g1495, 1817, nand
Name: g278, 600, or
Name: g127, 449, nand
Name: g130, 452, or
Name: n4[18], 212, output
Name: g134, 456, nand
Name: g1476, 1798, nand
Name: g1805, 2127, nor
Name: g2503, 2825, nand
Name: g1126, 1448, xnor
Name: g600, 922, nand
Name: g143, 465, nand
Name: g222, 544, not
Name: g873, 1195, nand
Name: g138, 460, nand
Name: g1938, 2260, nand
Name: g2340, 2662, or
Name: g613, 935, nand
Name: g2982, 3304, nand
Name: g2329, 2651, nand
Name: g1610, 1932, nor
Name: g1849, 2171, nor
Name: g874, 1196, nand
Name: g140, 462, nand
Name: g1883, 2205, or
Name: g944, 1266, nor
Name: g1274, 1596, nand
Name: g145, 467, or
Name: g50, 372, nor
Name: g1147, 1469, nand
Name: n2[23], 25, input
Name: g1645, 1967, nand
Name: n3[5], 135, output
Name: g2177, 2499, or
Name: g154, 476, nor
Name: g2863, 3185, nand
Name: g2456, 2778, nand
Name: n2[112], 114, input
Name: g158, 480, nand
Name: g1842, 2164, nor
Name: n3[16], 146, output
Name: g211, 533, nor
Name: g1379, 1701, nand
Name: g469, 791, dff
Name: n3[43], 173, output
Name: n5[36], 294, output
Name: g230, 552, dff
Name: n3[44], 174, output
Name: g162, 484, xnor
Name: g3003, 3325, nand
Name: g358, 680, nand
Name: g762, 1084, nor
Name: g170, 492, nor
Name: g552, 874, nand
Name: g459, 781, nand
Name: g1997, 2319, nand
Name: g404, 726, nand
Name: g176, 498, nor
Name: n2[7], 9, input
Name: g179, 501, or
Name: g2578, 2900, dff
Name: g1785, 2107, nand
Name: g349, 671, nand
Name: g709, 1031, nand
Name: g1659, 1981, nand
Name: n4[0], 194, output
Name: g2510, 2832, nand
Name: n2[19], 21, input
Name: g458, 780, or
Name: g184, 506, nand
Name: g1077, 1399, nor
Name: g1293, 1615, not
Name: g285, 607, nand
Name: g1607, 1929, nand
Name: g178, 500, nand
Name: g2951, 3273, nand
Name: g186, 508, or
Name: g187, 509, nor
Name: g1061, 1383, nor
Name: g1294, 1616, or
Name: g1116, 1438, nor
Name: g188, 510, xor
Name: g191, 513, not
Name: g128, 450, nand
Name: g193, 515, nor
Name: g1130, 1452, or
Name: g1263, 1585, nand
Name: n3[13], 143, output
Name: g1435, 1757, nand
Name: g196, 518, nand
Name: n2[35], 37, input
Name: g250, 572, nor
Name: g1360, 1682, nor
Name: g1614, 1936, nand
Name: g202, 524, nand
Name: g1384, 1706, nand
Name: n4[41], 235, output
Name: n3[24], 154, output
Name: g989, 1311, nor
Name: g1250, 1572, nand
Name: n5[20], 278, output
Name: g1433, 1755, nand
Name: g208, 530, nor
Name: n5[0], 258, output
Name: g217, 539, nand
Name: g787, 1109, nor
Name: g825, 1147, nand
Name: g789, 1111, nand
Name: g478, 800, nand
Name: g948, 1270, nor
Name: g793, 1115, or
Name: g794, 1116, dff
Name: g1334, 1656, or
Name: g795, 1117, or
Name: g968, 1290, nand
Name: g796, 1118, or
Name: g797, 1119, nand
Name: g799, 1121, nand
Name: g2748, 3070, dff
Name: g619, 941, nand
Name: g800, 1122, nand
Name: g443, 765, nand
Name: n2[107], 109, input
Name: g801, 1123, nand
Name: g2459, 2781, nor
Name: g1016, 1338, nand
Name: g802, 1124, nand
Name: g804, 1126, nand
Name: g805, 1127, nor
Name: g1662, 1984, nor
Name: g806, 1128, nand
Name: g2700, 3022, nor
Name: g807, 1129, or
Name: g2129, 2451, nand
Name: g808, 1130, nand
Name: g809, 1131, nand
Name: g2812, 3134, nand
Name: g810, 1132, nand
Name: g812, 1134, xnor
Name: g1788, 2110, nand
Name: g815, 1137, nor
Name: g287, 609, nand
Name: g816, 1138, nand
Name: g875, 1197, nand
Name: g1442, 1764, nand
Name: g2040, 2362, nand
Name: g916, 1238, nand
Name: g1739, 2061, nand
Name: g2098, 2420, nor
Name: g817, 1139, dff
Name: g1243, 1565, nor
Name: g2453, 2775, xnor
Name: g819, 1141, or
Name: g2482, 2804, nand
Name: g1937, 2259, or
Name: g1543, 1865, nand
Name: g822, 1144, nand
Name: g823, 1145, dff
Name: g1303, 1625, dff
Name: g824, 1146, nand
Name: g827, 1149, nand
Name: g828, 1150, nand
Name: g833, 1155, nor
Name: g2801, 3123, nand
Name: g1636, 1958, nand
Name: g1471, 1793, nand
Name: g1799, 2121, or
Name: g245, 567, or
Name: g102, 424, dff
Name: g837, 1159, nand
Name: g841, 1163, or
Name: n4[39], 233, output
Name: g843, 1165, nor
Name: g844, 1166, not
Name: g1322, 1644, nor
Name: g845, 1167, nand
Name: g850, 1172, nand
Name: g852, 1174, xor
Name: g2655, 2977, nor
Name: g854, 1176, nor
Name: g855, 1177, nand
Name: g336, 658, nand
Name: g413, 735, nand
Name: g856, 1178, nand
Name: g857, 1179, nand
Name: g2972, 3294, nand
Name: g2032, 2354, xnor
Name: g2293, 2615, nor
Name: g859, 1181, nand
Name: g862, 1184, or
Name: g863, 1185, nor
Name: g864, 1186, nand
Name: g868, 1190, nand
Name: g870, 1192, nand
Name: g2955, 3277, nand
Name: g872, 1194, xor
Name: g108, 430, nand
Name: g877, 1199, or
Name: g1814, 2136, dff
Name: g1680, 2002, or
Name: g879, 1201, nand
Name: g23, 345, not
Name: g885, 1207, nor
Name: g886, 1208, nand
Name: g889, 1211, nor
Name: g1948, 2270, nand
Name: g890, 1212, nand
Name: n4[9], 203, output
Name: g1885, 2207, nor
Name: g893, 1215, nand
Name: g283, 605, nand
Name: g1819, 2141, nand
Name: g895, 1217, nand
Name: g869, 1191, nand
Name: g1940, 2262, nor
Name: g1983, 2305, nand
Name: g901, 1223, nand
Name: g2104, 2426, xnor
Name: g501, 823, xnor
Name: n3[36], 166, output
Name: g909, 1231, nand
Name: g1137, 1459, nand
Name: g903, 1225, nand
Name: g904, 1226, nand
Name: g1107, 1429, nand
Name: g1301, 1623, nand
Name: g2493, 2815, nor
Name: g905, 1227, nand
Name: g2402, 2724, xnor
Name: g45, 367, nor
Name: g911, 1233, nor
Name: g912, 1234, nand
Name: g1398, 1720, or
Name: g921, 1243, nand
Name: g1969, 2291, nand
Name: g923, 1245, nand
Name: g2752, 3074, or
Name: g1171, 1493, dff
Name: g924, 1246, nand
Name: g2147, 2469, nand
Name: g1422, 1744, nor
Name: g82, 404, xnor
Name: g1639, 1961, not
Name: g888, 1210, xnor
Name: g925, 1247, or
Name: g1425, 1747, nor
Name: g927, 1249, or
Name: g930, 1252, nor
Name: g1917, 2239, or
Name: g931, 1253, dff
Name: g932, 1254, nand
Name: g2932, 3254, nor
Name: g146, 468, not
Name: g934, 1256, nand
Name: g935, 1257, nand
Name: g936, 1258, or
Name: g1330, 1652, nand
Name: g937, 1259, or
Name: g938, 1260, nand
Name: g1638, 1960, or
Name: g941, 1263, dff
Name: g664, 986, nand
Name: g942, 1264, dff
Name: g946, 1268, nand
Name: g947, 1269, nand
Name: g1084, 1406, or
Name: g1660, 1982, nand
Name: g949, 1271, nor
Name: g952, 1274, nor
Name: g953, 1275, nor
Name: g1773, 2095, nand
Name: g954, 1276, nand
Name: g12, 334, nand
Name: g956, 1278, nor
Name: g957, 1279, nor
Name: g958, 1280, or
Name: g959, 1281, or
Name: g960, 1282, nand
Name: g725, 1047, nand
Name: g961, 1283, or
Name: g962, 1284, xnor
Name: g2710, 3032, nand
Name: n2[90], 92, input
Name: g1708, 2030, nand
Name: g1443, 1765, nand
Name: g964, 1286, or
Name: g47, 369, or
Name: g1220, 1542, nor
Name: g587, 909, dff
Name: n4[42], 236, output
Name: g970, 1292, or
Name: g2183, 2505, nand
Name: g972, 1294, nor
Name: g609, 931, nor
Name: g976, 1298, or
Name: g977, 1299, nand
Name: g978, 1300, nand
Name: g1288, 1610, nand
Name: g979, 1301, nor
Name: g539, 861, nand
Name: n5[60], 318, output
Name: g981, 1303, nand
Name: g561, 883, dff
Name: g929, 1251, nand
Name: g1683, 2005, nor
Name: g2006, 2328, nor
Name: g2496, 2818, nand
Name: g982, 1304, nand
Name: g1631, 1953, nor
Name: g832, 1154, nand
Name: g2013, 2335, nor
Name: g1769, 2091, nor
Name: g985, 1307, nand
Name: g1804, 2126, nand
Name: g1066, 1388, nand
Name: g987, 1309, nand
Name: g988, 1310, or
Name: g990, 1312, xnor
Name: g1207, 1529, xor
Name: g2990, 3312, nand
Name: g1850, 2172, nand
Name: g1559, 1881, not
Name: n5[59], 317, output
Name: g992, 1314, nor
Name: g993, 1315, nand
Name: g695, 1017, xnor
Name: g994, 1316, or
Name: g1798, 2120, nor
Name: g996, 1318, nor
Name: g238, 560, nand
Name: g997, 1319, nand
Name: g1866, 2188, nor
Name: g1945, 2267, or
Name: g999, 1321, nor
Name: g2047, 2369, nand
Name: n2[105], 107, input
Name: g1860, 2182, nand
Name: g1000, 1322, nor
Name: g1002, 1324, nor
Name: g1003, 1325, nand
Name: g1004, 1326, nand
Name: g1005, 1327, nor
Name: g1007, 1329, or
Name: g1995, 2317, nor
Name: g1008, 1330, nand
Name: g2169, 2491, or
Name: g1012, 1334, nand
Name: g1017, 1339, nor
Name: g445, 767, nand
Name: g1178, 1500, nand
Name: g1018, 1340, nand
Name: g1446, 1768, nand
Name: g292, 614, nand
Name: g1019, 1341, or
Name: g1025, 1347, or
Name: g2463, 2785, nand
Name: g2333, 2655, nand
Name: g1026, 1348, nor
Name: g1031, 1353, nor
Name: g377, 699, or
Name: g1032, 1354, or
Name: g2969, 3291, xnor
Name: g1033, 1355, nor
Name: g434, 756, nand
Name: g1035, 1357, nand
Name: g1036, 1358, xor
Name: g2592, 2914, dff
Name: g2221, 2543, nand
Name: g1605, 1927, xnor
Name: g1042, 1364, dff
Name: g1044, 1366, nand
Name: g2191, 2513, nand
Name: g1046, 1368, or
Name: g1157, 1479, nand
Name: g1483, 1805, nand
Name: g1048, 1370, nand
Name: g1013, 1335, nand
Name: g1237, 1559, or
Name: g1049, 1371, nand
Name: g151, 473, nand
Name: g1160, 1482, nor
Name: g1050, 1372, nor
Name: g1190, 1512, nand
Name: g1053, 1375, or
Name: g1054, 1376, xor
Name: g2178, 2500, nand
Name: g1055, 1377, nand
Name: g1056, 1378, nor
Name: g771, 1093, nor
Name: g926, 1248, nand
Name: g1057, 1379, dff
Name: g492, 814, nand
Name: g1058, 1380, nand
Name: g1748, 2070, nand
Name: g1062, 1384, nand
Name: g1064, 1386, nor
Name: g1065, 1387, nor
Name: g761, 1083, dff
Name: g1067, 1389, nor
Name: g2731, 3053, nand
Name: g1070, 1392, xnor
Name: g1073, 1395, or
Name: g1074, 1396, nand
Name: g2385, 2707, dff
Name: g767, 1089, nand
Name: g1075, 1397, or
Name: g2838, 3160, nor
Name: g1076, 1398, nor
Name: g1182, 1504, nand
Name: g1349, 1671, nand
Name: g2, 324, or
Name: g1549, 1871, nand
Name: g2800, 3122, nand
Name: g1648, 1970, nand
Name: g2892, 3214, nor
Name: g1081, 1403, nand
Name: g1082, 1404, nand
Name: n5[39], 297, output
Name: g1429, 1751, nand
Name: g871, 1193, or
Name: g1086, 1408, nor
Name: g256, 578, or
Name: g1087, 1409, xnor
Name: g1457, 1779, nor
Name: g1091, 1413, nand
Name: g1094, 1416, dff
Name: g1095, 1417, nand
Name: g1540, 1862, or
Name: g1096, 1418, nand
Name: g1551, 1873, dff
Name: g1098, 1420, or
Name: g1111, 1433, nand
Name: g2095, 2417, nand
Name: n4[63], 257, output
Name: g1102, 1424, or
Name: g766, 1088, nand
Name: g1103, 1425, nand
Name: g1544, 1866, nand
Name: g1104, 1426, nand
Name: g1105, 1427, nand
Name: g1106, 1428, nand
Name: g1123, 1445, nor
Name: g1113, 1435, dff
Name: g1114, 1436, nor
Name: g573, 895, nand
Name: g1117, 1439, xnor
Name: g1628, 1950, nand
Name: g1118, 1440, or
Name: g139, 461, dff
Name: g155, 477, or
Name: g1120, 1442, xnor
Name: g995, 1317, nand
Name: g1122, 1444, nand
Name: n2[0], 2, input
Name: g1124, 1446, nand
Name: g1128, 1450, nand
Name: g1129, 1451, nor
Name: g1136, 1458, nand
Name: n3[7], 137, output
Name: g1139, 1461, nor
Name: g1453, 1775, nand
Name: g1141, 1463, nand
Name: g464, 786, or
Name: g1143, 1465, nand
Name: g963, 1285, nor
Name: g1144, 1466, nor
Name: g1146, 1468, nor
Name: g2942, 3264, nand
Name: g1930, 2252, nand
Name: g2593, 2915, dff
Name: g1148, 1470, nand
Name: g722, 1044, nand
Name: g1149, 1471, nand
Name: g2462, 2784, xnor
Name: g2044, 2366, nor
Name: g1150, 1472, nand
Name: g189, 511, nand
Name: g1151, 1473, dff
Name: g1152, 1474, nor
Name: g269, 591, nor
Name: g1501, 1823, xnor
Name: g2484, 2806, nand
Name: g560, 882, dff
Name: g2020, 2342, nand
Name: g1153, 1475, nor
Name: g1154, 1476, nor
Name: g1155, 1477, nor
Name: g1156, 1478, nand
Name: g1403, 1725, nand
Name: n2[67], 69, input
Name: g847, 1169, nor
Name: g1158, 1480, dff
Name: g2781, 3103, nand
Name: g1268, 1590, dff
Name: g1079, 1401, xnor
Name: g1159, 1481, xor
Name: g1161, 1483, nand
Name: g2004, 2326, nor
Name: g2053, 2375, nand
Name: g225, 547, nand
Name: g1162, 1484, nor
Name: g2877, 3199, nand
Name: g149, 471, nand
Name: g1163, 1485, nand
Name: g2637, 2959, nor
Name: g1310, 1632, nor
Name: g1165, 1487, nand
Name: g2597, 2919, not
Name: g1166, 1488, xnor
Name: g1167, 1489, not
Name: g1169, 1491, nand
Name: g304, 626, dff
Name: g1170, 1492, nand
Name: g1172, 1494, nand
Name: g2206, 2528, dff
Name: g1175, 1497, nand
Name: g133, 455, nor
Name: g1177, 1499, or
Name: g1179, 1501, or
Name: g1183, 1505, or
Name: g2401, 2723, dff
Name: g1131, 1453, nand
Name: g1185, 1507, xnor
Name: g2675, 2997, xnor
Name: g1186, 1508, not
Name: g441, 763, nand
Name: g1188, 1510, nand
Name: g2938, 3260, nand
Name: g1189, 1511, nand
Name: g1191, 1513, nor
Name: g1193, 1515, or
Name: g411, 733, nand
Name: n2[26], 28, input
Name: g1194, 1516, nor
Name: g2029, 2351, or
Name: g1196, 1518, nand
Name: g1197, 1519, nor
Name: g1199, 1521, nand
Name: g2580, 2902, nand
Name: g1200, 1522, nand
Name: g2158, 2480, nand
Name: g1473, 1795, nor
Name: g1600, 1922, nand
Name: g1493, 1815, nand
Name: g1745, 2067, nand
Name: g1203, 1525, nand
Name: g1204, 1526, dff
Name: g1573, 1895, dff
Name: g1208, 1530, nor
Name: g1201, 1523, nor
Name: g1210, 1532, dff
Name: g1212, 1534, nand
Name: n4[3], 197, output
Name: g739, 1061, nand
Name: g1214, 1536, nand
Name: g1829, 2151, nand
Name: g1215, 1537, nor
Name: g1217, 1539, nor
Name: g2348, 2670, xnor
Name: g1218, 1540, or
Name: g3011, 3333, nand
Name: g643, 965, nand
Name: g1222, 1544, or
Name: g1223, 1545, nor
Name: g1224, 1546, nand
Name: g1226, 1548, nor
Name: g896, 1218, not
Name: g1230, 1552, nand
Name: g13, 335, nand
Name: g1232, 1554, not
Name: n5[45], 303, output
Name: g1234, 1556, or
Name: g1236, 1558, xnor
Name: g161, 483, nor
Name: g1238, 1560, nand
Name: g1242, 1564, nand
Name: g788, 1110, nand
Name: g1452, 1774, nand
Name: g1245, 1567, nand
Name: g1479, 1801, nand
Name: g1246, 1568, nand
Name: g951, 1273, xnor
Name: g1714, 2036, nor
Name: g1249, 1571, nand
Name: g2438, 2760, nand
Name: g1331, 1653, nand
Name: g1529, 1851, or
Name: g1251, 1573, nand
Name: g1254, 1576, nand
Name: g1255, 1577, nor
Name: g1257, 1579, nor
Name: g704, 1026, nor
Name: g1259, 1581, nand
Name: g1261, 1583, nand
Name: g1280, 1602, nand
Name: g2771, 3093, nor
Name: g1264, 1586, xnor
Name: g299, 621, nor
Name: g1267, 1589, nor
Name: g244, 566, nand
Name: g1875, 2197, nand
Name: g1913, 2235, nor
Name: g1269, 1591, nand
Name: g1270, 1592, nand
Name: g2142, 2464, dff
Name: g1272, 1594, or
Name: g1273, 1595, nand
Name: g1560, 1882, xnor
Name: g1592, 1914, nand
Name: g2090, 2412, nand
Name: g1275, 1597, nand
Name: g1277, 1599, nand
Name: g334, 656, or
Name: g1279, 1601, or
Name: g1617, 1939, nand
Name: g1282, 1604, nand
Name: g1812, 2134, nand
Name: g1285, 1607, nor
Name: g1681, 2003, dff
Name: g2406, 2728, nand
Name: g273, 595, nand
Name: g1789, 2111, nand
Name: g1287, 1609, nand
Name: g1596, 1918, xnor
Name: g618, 940, nor
Name: g1289, 1611, nor
Name: g2818, 3140, nand
Name: g1290, 1612, nand
Name: g1554, 1876, nand
Name: g1292, 1614, nor
Name: g2460, 2782, nor
Name: g1943, 2265, nand
Name: g1297, 1619, or
Name: n2[2], 4, input
Name: g1135, 1457, dff
Name: g1300, 1622, nand
Name: g2236, 2558, or
Name: g1302, 1624, nand
Name: g1306, 1628, nand
Name: g3019, 3341, or
Name: g1307, 1629, nand
Name: g1308, 1630, nand
Name: g1312, 1634, nand
Name: g2967, 3289, nor
Name: g135, 457, not
Name: g1314, 1636, or
Name: g1318, 1640, xor
Name: g2520, 2842, nor
Name: n4[47], 241, output
Name: g1319, 1641, nand
Name: g1340, 1662, nand
Name: g1320, 1642, nor
Name: g212, 534, nand
Name: g1698, 2020, nand
Name: g2223, 2545, nor
Name: g731, 1053, xnor
Name: g1936, 2258, nand
Name: g1321, 1643, nand
Name: g1323, 1645, nand
Name: g1325, 1647, or
Name: g1326, 1648, xnor
Name: g1265, 1587, nand
Name: g1327, 1649, dff
Name: g2050, 2372, dff
Name: g1329, 1651, nand
Name: g1823, 2145, nor
Name: g1332, 1654, nand
Name: g1333, 1655, nand
Name: g1784, 2106, nand
Name: g790, 1112, or
Name: g1965, 2287, nand
Name: g1335, 1657, xor
Name: g1337, 1659, nand
Name: g1339, 1661, nand
Name: g1295, 1617, nor
Name: g1341, 1663, or
Name: g1344, 1666, nor
Name: g2734, 3056, nor
Name: g1345, 1667, nand
Name: g2810, 3132, or
Name: g1346, 1668, or
Name: g1348, 1670, nand
Name: g984, 1306, nand
Name: g1350, 1672, nand
Name: g1351, 1673, nand
Name: g1352, 1674, nand
Name: g1353, 1675, nand
Name: g1354, 1676, or
Name: g2905, 3227, nand
Name: g1355, 1677, nor
Name: g2513, 2835, or
Name: g1772, 2094, not
Name: g1357, 1679, xnor
Name: g533, 855, nand
Name: g1843, 2165, nor
Name: g1358, 1680, or
Name: g1359, 1681, nor
Name: g1043, 1365, or
Name: g1361, 1683, dff
Name: g2022, 2344, nand
Name: g1363, 1685, nand
Name: g1367, 1689, dff
Name: g2625, 2947, xnor
Name: g1891, 2213, nand
Name: g1368, 1690, nand
Name: g2778, 3100, nor
Name: g338, 660, nand
Name: g353, 675, nand
Name: g1369, 1691, nand
Name: g1370, 1692, nor
Name: g1371, 1693, nor
Name: n2[36], 38, input
Name: g1372, 1694, nor
Name: n3[0], 130, output
Name: g1374, 1696, dff
Name: g1377, 1699, nand
Name: g2600, 2922, dff
Name: g1380, 1702, nand
Name: g1858, 2180, or
Name: g1381, 1703, nand
Name: g1383, 1705, nand
Name: g2213, 2535, nand
Name: n3[60], 190, output
Name: g1385, 1707, nor
Name: g1386, 1708, nand
Name: g1387, 1709, nand
Name: g1388, 1710, xnor
Name: g1390, 1712, nor
Name: g1809, 2131, nand
Name: g2767, 3089, xnor
Name: g1393, 1715, nor
Name: g1397, 1719, dff
Name: g1401, 1723, nand
Name: g1974, 2296, dff
Name: g40, 362, nand
Name: g1402, 1724, nand
Name: g1701, 2023, nor
Name: g1409, 1731, nand
Name: g577, 899, or
Name: g1410, 1732, xor
Name: n2[43], 45, input
Name: g1412, 1734, xor
Name: g1840, 2162, nand
Name: g1413, 1735, nand
Name: g1415, 1737, nand
Name: g1934, 2256, nand
Name: g1416, 1738, nor
Name: g1417, 1739, nor
Name: n2[14], 16, input
Name: g1418, 1740, or
Name: g2614, 2936, nor
Name: g324, 646, xor
Name: g1420, 1742, or
Name: g1421, 1743, nand
Name: g1424, 1746, nor
Name: g270, 592, nand
Name: g1389, 1711, not
Name: g1426, 1748, nor
Name: g563, 885, nand
Name: g1176, 1498, nor
Name: g1428, 1750, nand
Name: g1430, 1752, nor
Name: g1759, 2081, nand
Name: g1431, 1753, nand
Name: g1434, 1756, nand
Name: g580, 902, or
Name: g1437, 1759, nand
Name: g1439, 1761, nor
Name: g2509, 2831, nor
Name: g1440, 1762, nor
Name: g1444, 1766, nor
Name: g1448, 1770, or
Name: g2835, 3157, nor
Name: g2664, 2986, or
Name: g1450, 1772, nand
Name: g1697, 2019, nand
Name: g1454, 1776, nand
Name: g1455, 1777, xor
Name: g1781, 2103, or
Name: g1459, 1781, nand
Name: g2947, 3269, xnor
Name: g1463, 1785, or
Name: g1467, 1789, or
Name: g1468, 1790, nor
Name: g781, 1103, or
Name: g1469, 1791, nand
Name: g1515, 1837, nand
Name: g290, 612, nand
Name: n5[30], 288, output
Name: g1993, 2315, nor
Name: g1470, 1792, nand
Name: g738, 1060, or
Name: g1597, 1919, dff
Name: g1472, 1794, xnor
Name: g2882, 3204, nor
Name: g1475, 1797, or
Name: g224, 546, dff
Name: g973, 1295, nand
Name: g1480, 1802, nand
Name: g1202, 1524, dff
Name: g1482, 1804, nand
Name: g1637, 1959, nand
Name: g2477, 2799, nand
Name: g2381, 2703, nor
Name: g1485, 1807, nor
Name: g1486, 1808, nand
Name: g1487, 1809, nand
Name: g1491, 1813, nand
Name: g1492, 1814, nand
Name: g661, 983, nand
Name: g1494, 1816, nand
Name: g2036, 2358, nand
Name: g1198, 1520, nand
Name: g1764, 2086, nand
Name: g1498, 1820, nand
Name: g333, 655, nand
Name: g1499, 1821, nand
Name: g1502, 1824, xnor
Name: g80, 402, not
Name: g1291, 1613, or
Name: g1923, 2245, nor
Name: g207, 529, nand
Name: n4[54], 248, output
Name: g1507, 1829, or
Name: g779, 1101, not
Name: g1508, 1830, or
Name: g1509, 1831, nand
Name: g1510, 1832, nand
Name: g1511, 1833, nand
Name: g1758, 2080, or
Name: g1512, 1834, nand
Name: g1514, 1836, or
Name: g1342, 1664, nand
Name: g1518, 1840, nand
Name: g2374, 2696, nand
Name: g757, 1079, xnor
Name: g1521, 1843, nand
Name: g1524, 1846, xnor
Name: g1525, 1847, nand
Name: g1695, 2017, nand
Name: g2220, 2542, or
Name: g1527, 1849, nand
Name: g1530, 1852, dff
Name: g617, 939, nand
Name: g1014, 1336, nor
Name: g1537, 1859, or
Name: g1545, 1867, nand
Name: g1488, 1810, xnor
Name: g1547, 1869, nand
Name: g1548, 1870, or
Name: g1550, 1872, or
Name: g2701, 3023, xnor
Name: g1553, 1875, nand
Name: g902, 1224, nand
Name: g1555, 1877, nand
Name: g1558, 1880, nand
Name: g1562, 1884, nand
Name: g1585, 1907, nand
Name: g1563, 1885, nand
Name: g1564, 1886, nand
Name: g1565, 1887, nor
Name: g1566, 1888, not
Name: g457, 779, or
Name: g1712, 2034, nand
Name: g883, 1205, nand
Name: g1568, 1890, nand
Name: g1816, 2138, nand
Name: g1570, 1892, dff
Name: n2[66], 68, input
Name: g1574, 1896, nand
Name: g1577, 1899, nand
Name: g1971, 2293, nor
Name: g2372, 2694, nand
Name: g1578, 1900, nand
Name: g1580, 1902, buf
Name: g547, 869, nand
Name: g43, 365, nand
Name: g1582, 1904, nand
Name: g1583, 1905, nand
Name: g1587, 1909, nand
Name: g1588, 1910, nand
Name: g2873, 3195, or
Name: g1436, 1758, nor
Name: g1589, 1911, nor
Name: g975, 1297, dff
Name: g1591, 1913, nor
Name: g1593, 1915, nand
Name: g1594, 1916, nand
Name: g1595, 1917, not
Name: g2478, 2800, nor
Name: g1180, 1502, nor
Name: g1598, 1920, nand
Name: g1603, 1925, or
Name: g1606, 1928, dff
Name: g2269, 2591, nand
Name: g640, 962, nand
Name: g1611, 1933, nand
Name: g2548, 2870, nand
Name: g986, 1308, xnor
Name: g2017, 2339, nand
Name: g1612, 1934, not
Name: g1618, 1940, dff
Name: g3037, 3359, dff
Name: g1620, 1942, xnor
Name: g1622, 1944, nor
Name: g1623, 1945, xnor
Name: g1624, 1946, nor
Name: g2161, 2483, nand
Name: g544, 866, nor
Name: g1625, 1947, nand
Name: g1826, 2148, nand
Name: g1632, 1954, xnor
Name: g1633, 1955, nor
Name: g1635, 1957, nand
Name: g1640, 1962, dff
Name: g2162, 2484, xnor
Name: g177, 499, xnor
Name: g1356, 1678, nand
Name: g1641, 1963, nor
Name: g2551, 2873, nand
Name: g1642, 1964, nand
Name: g1644, 1966, not
Name: g2663, 2985, nand
Name: g1718, 2040, nand
Name: g472, 794, nand
Name: n3[45], 175, output
Name: n4[24], 218, output
Name: g1646, 1968, nor
Name: g1647, 1969, xnor
Name: g791, 1113, nand
Name: g1649, 1971, nand
Name: n3[19], 149, output
Name: g826, 1148, nand
Name: g1651, 1973, nand
Name: g1072, 1394, nand
Name: g1652, 1974, nand
Name: g1752, 2074, nand
Name: g1653, 1975, nand
Name: g693, 1015, nand
Name: g1657, 1979, nor
Name: g1663, 1985, not
Name: g1664, 1986, nor
Name: g1665, 1987, nor
Name: g1667, 1989, nor
Name: g1670, 1992, nor
Name: g699, 1021, nor
Name: g1743, 2065, or
Name: g1671, 1993, nor
Name: g1675, 1997, or
Name: g1776, 2098, or
Name: g2296, 2618, nand
Name: g281, 603, nand
Name: g1677, 1999, or
Name: g1879, 2201, or
Name: g945, 1267, nand
Name: g1679, 2001, nor
Name: g853, 1175, nand
Name: g1791, 2113, nor
Name: g2750, 3072, nor
Name: g315, 637, dff
Name: g1682, 2004, xnor
Name: g966, 1288, nand
Name: g1688, 2010, nand
Name: g2619, 2941, nor
Name: g1931, 2253, nand
Name: g1690, 2012, nand
Name: g1719, 2041, nand
Name: g1774, 2096, or
Name: g1691, 2013, or
Name: n5[32], 290, output
Name: g1693, 2015, or
Name: g2988, 3310, nand
Name: g2416, 2738, nor
Name: g1696, 2018, nand
Name: g1906, 2228, not
Name: g1700, 2022, nand
Name: g17, 339, nand
Name: g1702, 2024, not
Name: g1705, 2027, nand
Name: g1706, 2028, dff
Name: g1707, 2029, nand
Name: g2452, 2774, nand
Name: g1709, 2031, nor
Name: g878, 1200, nand
Name: g1710, 2032, or
Name: g543, 865, nand
Name: g1911, 2233, nor
Name: g1713, 2035, nand
Name: g1721, 2043, nand
Name: g1933, 2255, nor
Name: g1723, 2045, or
Name: g1724, 2046, nand
Name: g1853, 2175, nand
Name: g1730, 2052, nand
Name: g1024, 1346, nand
Name: g1732, 2054, nand
Name: g1733, 2055, nand
Name: g568, 890, nor
Name: g219, 541, nand
Name: g1734, 2056, not
Name: g1740, 2062, nand
Name: g1742, 2064, nor
Name: g1846, 2168, nand
Name: g1747, 2069, or
Name: g940, 1262, nand
Name: g1750, 2072, nand
Name: n5[46], 304, output
Name: g1876, 2198, nor
Name: g1753, 2075, or
Name: g1754, 2076, or
Name: g200, 522, nand
Name: g1755, 2077, nor
Name: g2362, 2684, or
Name: g1951, 2273, nor
Name: g1756, 2078, nor
Name: g2359, 2681, nand
Name: g1757, 2079, or
Name: g1831, 2153, nor
Name: g1760, 2082, or
Name: g1761, 2083, dff
Name: g2896, 3218, or
Name: g1762, 2084, nand
Name: g1763, 2085, xnor
Name: g1765, 2087, or
Name: g1022, 1344, xnor
Name: g1009, 1331, nand
Name: g1927, 2249, or
Name: g1994, 2316, nand
Name: g1766, 2088, nand
Name: g2062, 2384, dff
Name: g1768, 2090, nor
Name: g1770, 2092, or
Name: g1771, 2093, nand
Name: g1775, 2097, nor
Name: g2830, 3152, nand
Name: g1780, 2102, nor
Name: g1782, 2104, nand
Name: g1783, 2105, nand
Name: n5[13], 271, output
Name: g1786, 2108, nor
Name: g2231, 2553, nand
Name: g1787, 2109, nand
Name: g1790, 2112, nand
Name: g1792, 2114, nor
Name: g2537, 2859, nand
Name: g1962, 2284, nor
Name: g1988, 2310, nand
Name: g234, 556, nand
Name: g943, 1265, nand
Name: g1793, 2115, nor
Name: g2852, 3174, nand
Name: g28, 350, nand
Name: g1873, 2195, nor
Name: g99, 421, nand
Name: g1794, 2116, not
Name: g1795, 2117, nor
Name: g357, 679, nor
Name: g1796, 2118, nor
Name: g2014, 2336, nand
Name: g1800, 2122, dff
Name: g1835, 2157, nand
Name: g721, 1043, nand
Name: g1801, 2123, nand
Name: g2446, 2768, nand
Name: g1802, 2124, or
Name: g2667, 2989, nand
Name: g1806, 2128, nor
Name: g1807, 2129, nand
Name: n2[123], 125, input
Name: g1811, 2133, nand
Name: g1815, 2137, nand
Name: g1818, 2140, nand
Name: g1824, 2146, xnor
Name: g2806, 3128, nand
Name: g1825, 2147, or
Name: g467, 789, nor
Name: g1827, 2149, dff
Name: g1838, 2160, nand
Name: n2[118], 120, input
Name: g1832, 2154, nand
Name: n2[54], 56, input
Name: g1833, 2155, dff
Name: g1834, 2156, nand
Name: g2067, 2389, xnor
Name: g1836, 2158, not
Name: g723, 1045, dff
Name: g1837, 2159, not
Name: g1539, 1861, nand
Name: g1839, 2161, nand
Name: g1910, 2232, nand
Name: g1581, 1903, nand
Name: g1841, 2163, or
Name: g2878, 3200, nand
Name: g1844, 2166, or
Name: g1845, 2167, nor
Name: g1847, 2169, nand
Name: g1848, 2170, dff
Name: g1851, 2173, nand
Name: g1432, 1754, nand
Name: g1852, 2174, nand
Name: g1855, 2177, nand
Name: g1856, 2178, nand
Name: g261, 583, nand
Name: g1101, 1423, nand
Name: g1859, 2181, nand
Name: g1863, 2185, nand
Name: g439, 761, nand
Name: g1867, 2189, nor
Name: g1986, 2308, nand
Name: g1868, 2190, nand
Name: g1870, 2192, or
Name: g1872, 2194, nand
Name: g2313, 2635, or
Name: g1874, 2196, dff
Name: g1877, 2199, not
Name: g1878, 2200, nand
Name: g2906, 3228, nand
Name: g1880, 2202, nor
Name: g1881, 2203, or
Name: g1685, 2007, or
Name: g1882, 2204, or
Name: g1884, 2206, nor
Name: g438, 760, nand
Name: g1888, 2210, xnor
Name: g2157, 2479, nand
Name: g1411, 1733, or
Name: g1890, 2212, nand
Name: g1892, 2214, nand
Name: g2702, 3024, nand
Name: g1895, 2217, nor
Name: g1896, 2218, nor
Name: g2959, 3281, or
Name: g1897, 2219, nand
Name: g1899, 2221, dff
Name: g1901, 2223, nand
Name: g1731, 2053, nor
Name: g1902, 2224, dff
Name: g1903, 2225, nand
Name: g2598, 2920, or
Name: g581, 903, not
Name: g1904, 2226, or
Name: g1889, 2211, not
Name: g1907, 2229, nand
Name: g2845, 3167, dff
Name: g1909, 2231, dff
Name: g1912, 2234, nor
Name: g1914, 2236, dff
Name: g1915, 2237, xnor
Name: g1676, 1998, nand
Name: g1918, 2240, nand
Name: g1919, 2241, nand
Name: g1905, 2227, nand
Name: g1921, 2243, or
Name: g1926, 2248, or
Name: g1944, 2266, nor
Name: g1949, 2271, xnor
Name: g1952, 2274, dff
Name: g2528, 2850, dff
Name: g1953, 2275, nand
Name: g1954, 2276, or
Name: g1957, 2279, not
Name: g2235, 2557, not
Name: g1958, 2280, nand
Name: g1865, 2187, nand
Name: g1959, 2281, nand
Name: g1960, 2282, nand
Name: g1967, 2289, nor
Name: g531, 853, or
Name: g1968, 2290, nor
Name: g1970, 2292, nand
Name: g1972, 2294, nand
Name: g1735, 2057, nand
Name: g1976, 2298, nand
Name: g1977, 2299, or
Name: g2119, 2441, nand
Name: g1981, 2303, nand
Name: g1982, 2304, nor
Name: g2473, 2795, or
Name: g1984, 2306, dff
Name: g1985, 2307, nand
Name: g3001, 3323, dff
Name: g2894, 3216, nand
Name: g2813, 3135, nand
Name: g1990, 2312, dff
Name: g1991, 2313, nand
Name: g320, 642, not
Name: g1996, 2318, nand
Name: g1998, 2320, nand
Name: g2683, 3005, nand
Name: g2435, 2757, nor
Name: g1999, 2321, dff
Name: g2298, 2620, nor
Name: g2000, 2322, dff
Name: g1726, 2048, nor
Name: g2003, 2325, or
Name: g517, 839, dff
Name: g638, 960, nor
Name: g834, 1156, nand
Name: g2007, 2329, or
Name: g2152, 2474, or
Name: g2011, 2333, not
Name: g2015, 2337, dff
Name: g2018, 2340, nand
Name: g680, 1002, or
Name: g2021, 2343, nand
Name: g2023, 2345, nand
Name: g1447, 1769, or
Name: g2025, 2347, nor
Name: g2986, 3308, nand
Name: g2030, 2352, nand
Name: g2033, 2355, nor
